artist,artist_normalized,day,set_time,camp,event_theme,location,overall_event_time,performance_type,rsl_flags,live_music_designation,genre_tags,signal_status,source_page,sources
BAAAHS DJs,baaahs djs,SAT PM — SUN AM,12am,BAAAHS,Chaos,Deep Playa,12:00 AM – 06:00 AM,UNKNOWN,,,,unknown,4,RSL 2026 PDF
Idlis on the Mic,idlis on the mic,SAT PM — SUN AM,5am,Black Rock Travel Agency,ShoutingFire/Radio Electra 99.5,Airport Road,05:00 AM – 12:00 PM,UNKNOWN,,,,unknown,4,RSL 2026 PDF
Chowsnestster,chowsnestster,SAT PM — SUN AM,7am,Black Rock Travel Agency,ShoutingFire/Radio Electra 99.5,Airport Road,05:00 AM – 12:00 PM,UNKNOWN,,,,unknown,4,RSL 2026 PDF
Unkl Vic,unkl vic,SAT PM — SUN AM,9am,Black Rock Travel Agency,ShoutingFire/Radio Electra 99.5,Airport Road,05:00 AM – 12:00 PM,UNKNOWN,,,,unknown,4,RSL 2026 PDF
Kosmozoo Downtempo,kosmozoo downtempo,SAT PM — SUN AM,10am,Black Rock Travel Agency,ShoutingFire/Radio Electra 99.5,Airport Road,05:00 AM – 12:00 PM,UNKNOWN,,,,unknown,4,RSL 2026 PDF
Kanizzle,kanizzle,SAT PM — SUN AM,12am,BMIR,94.5 FM The Voice of the Man,Esplanade & 5:45,12:00 AM – 12:00 PM,UNKNOWN,,,,unknown,4,RSL 2026 PDF
Mr. Jennings,mr. jennings,SAT PM — SUN AM,2am,BMIR,94.5 FM The Voice of the Man,Esplanade & 5:45,12:00 AM – 12:00 PM,UNKNOWN,,,,unknown,4,RSL 2026 PDF
Grease Withaspoon,grease withaspoon,SAT PM — SUN AM,4am,BMIR,94.5 FM The Voice of the Man,Esplanade & 5:45,12:00 AM – 12:00 PM,UNKNOWN,,,,unknown,4,RSL 2026 PDF
Crowsnestster,crowsnestster,SAT PM — SUN AM,6am,BMIR,94.5 FM The Voice of the Man,Esplanade & 5:45,12:00 AM – 12:00 PM,UNKNOWN,,,,unknown,4,RSL 2026 PDF
Ali Luminescent,ali luminescent,SAT PM — SUN AM,8am,BMIR,94.5 FM The Voice of the Man,Esplanade & 5:45,12:00 AM – 12:00 PM,UNKNOWN,,,,unknown,4,RSL 2026 PDF
Jex,jex,SAT PM — SUN AM,10am,BMIR,94.5 FM The Voice of the Man,Esplanade & 5:45,12:00 AM – 12:00 PM,UNKNOWN,,,,unknown,4,RSL 2026 PDF
Davidi,davidi,SAT PM — SUN AM,5:30am,Off the Dome,Opening Night Party,Esplanade & 7:15,05:30 AM – 07:00 AM,UNKNOWN,,,,unknown,4,RSL 2026 PDF
DJ Johnny Klutch,dj johnny klutch,SAT PM — SUN AM,12am,Smile High,Opening Night Party,Esplanade & 7:15,12:00 AM – 03:30 AM,UNKNOWN,,,,unknown,4,RSL 2026 PDF
DJ Stormy,dj stormy,SAT PM — SUN AM,1am,Smile High,Opening Night Party,Esplanade & 7:15,12:00 AM – 03:30 AM,UNKNOWN,,,,unknown,4,RSL 2026 PDF
DJ Narkatta,dj narkatta,SAT PM — SUN AM,2:30am,Smile High,Opening Night Party,Esplanade & 7:15,12:00 AM – 03:30 AM,UNKNOWN,,,,unknown,4,RSL 2026 PDF
DJ Laz,dj laz,SUN PM — MON AM,4pm,¡AXOLOTL! The Earth Guardian,,On The Playa,04:00 PM – 07:00 AM,UNKNOWN,,,,unknown,5,RSL 2026 PDF
Camp AXO DJs,camp axo djs,SUN PM — MON AM,5:30pm,¡AXOLOTL! The Earth Guardian,,On The Playa,04:00 PM – 07:00 AM,UNKNOWN,,,,unknown,5,RSL 2026 PDF
Lalo,lalo,SUN PM — MON AM,10pm,¡AXOLOTL! The Earth Guardian,,On The Playa,04:00 PM – 07:00 AM,UNKNOWN,,,,unknown,5,RSL 2026 PDF
Taylor Allen,taylor allen,SUN PM — MON AM,11:30pm,¡AXOLOTL! The Earth Guardian,,On The Playa,04:00 PM – 07:00 AM,UNKNOWN,,,,unknown,5,RSL 2026 PDF
Neon Dots!,neon dots!,SUN PM — MON AM,1am,¡AXOLOTL! The Earth Guardian,,On The Playa,04:00 PM – 07:00 AM,UNKNOWN,,,,unknown,5,RSL 2026 PDF
SILKWORM,silkworm,SUN PM — MON AM,2:30am,¡AXOLOTL! The Earth Guardian,,On The Playa,04:00 PM – 07:00 AM,UNKNOWN,,,,unknown,5,RSL 2026 PDF
nomattic,nomattic,SUN PM — MON AM,4am,¡AXOLOTL! The Earth Guardian,,On The Playa,04:00 PM – 07:00 AM,UNKNOWN,,,,unknown,5,RSL 2026 PDF
Dirty Texans,dirty texans,SUN PM — MON AM,5:30am,¡AXOLOTL! The Earth Guardian,,On The Playa,04:00 PM – 07:00 AM,UNKNOWN,,,,unknown,5,RSL 2026 PDF
Vesper Belle,vesper belle,SUN PM — MON AM,10am,Alternative Energy Zone,KAEZ radio 96.3fm,3:30 & E,10:00 AM – 12:00 PM,UNKNOWN,,,,unknown,5,RSL 2026 PDF
Posh Josh,posh josh,SUN PM — MON AM,9pm,Ashram Galactica,,9:00 & J,09:00 PM – 04:00 AM,UNKNOWN,,,,unknown,5,RSL 2026 PDF
Black Panda,black panda,SUN PM — MON AM,11pm,Ashram Galactica,,9:00 & J,09:00 PM – 04:00 AM,UNKNOWN,,,,unknown,5,RSL 2026 PDF
DJ Icon,dj icon,SUN PM — MON AM,12:30am,Ashram Galactica,,9:00 & J,09:00 PM – 04:00 AM,UNKNOWN,,,,unknown,5,RSL 2026 PDF
Jules Thorn,jules thorn,SUN PM — MON AM,2am,Ashram Galactica,,9:00 & J,09:00 PM – 04:00 AM,UNKNOWN,,,,unknown,5,RSL 2026 PDF
Bad Asstronaut Residents,bad asstronaut residents,SUN PM — MON AM,6pm,Bad Asstronauts,Colorado Meetup,7:30 B Plaza @ 9:45,06:00 PM – 07:00 PM,UNKNOWN,,,,unknown,5,RSL 2026 PDF
Right Cheek,right cheek,SUN PM — MON AM,5pm,Best Butt,Werk it! Hard Hats x Booty Hour,B & 8:45,05:00 PM – 07:00 PM,UNKNOWN,,,,unknown,5,RSL 2026 PDF
Swingline,swingline,SUN PM — MON AM,6pm,Best Butt,Werk it! Hard Hats x Booty Hour,B & 8:45,05:00 PM – 07:00 PM,UNKNOWN,,,,unknown,5,RSL 2026 PDF
Unkl Vic,unkl vic,SUN PM — MON AM,12pm,Black Rock Travel Agency,ShoutingFire/Radio Electra 99.5,Airport Road,12:00 PM – 10:00 PM,UNKNOWN,,,,unknown,5,RSL 2026 PDF
Children's Hour Radio Theater,children's hour radio theater,SUN PM — MON AM,6pm,Black Rock Travel Agency,ShoutingFire/Radio Electra 99.5,Airport Road,12:00 PM – 10:00 PM,UNKNOWN,,,,unknown,5,RSL 2026 PDF
Contessa,contessa,SUN PM — MON AM,8pm,Black Rock Travel Agency,ShoutingFire/Radio Electra 99.5,Airport Road,12:00 PM – 10:00 PM,UNKNOWN,,,,unknown,5,RSL 2026 PDF
Alien Worlds,alien worlds,SUN PM — MON AM,12am,Black Rock Travel Agency,ShoutingFire/Radio Electra 99.5,Airport Road,12:00 AM – 12:00 PM,UNKNOWN,,,,unknown,5,RSL 2026 PDF
Sunrise Sets,sunrise sets,SUN PM — MON AM,4am,Black Rock Travel Agency,ShoutingFire/Radio Electra 99.5,Airport Road,12:00 AM – 12:00 PM,UNKNOWN,,,,unknown,5,RSL 2026 PDF
KAEZ simulcast,kaez simulcast,SUN PM — MON AM,10am,Black Rock Travel Agency,ShoutingFire/Radio Electra 99.5,Airport Road,12:00 AM – 12:00 PM,UNKNOWN,,,,unknown,5,RSL 2026 PDF
Eagle Eye,eagle eye,SUN PM — MON AM,12pm,BMIR,94.5 FM The Voice of the Man,Esplanade & 5:45,12:00 PM – 12:00 AM,UNKNOWN,,,,unknown,5,RSL 2026 PDF
Spit Bucket,spit bucket,SUN PM — MON AM,2pm,BMIR,94.5 FM The Voice of the Man,Esplanade & 5:45,12:00 PM – 12:00 AM,UNKNOWN,,,,unknown,5,RSL 2026 PDF
Please Leave,please leave,SUN PM — MON AM,4pm,BMIR,94.5 FM The Voice of the Man,Esplanade & 5:45,12:00 PM – 12:00 AM,UNKNOWN,,,,unknown,5,RSL 2026 PDF
Know your regionals,know your regionals,SUN PM — MON AM,6pm,BMIR,94.5 FM The Voice of the Man,Esplanade & 5:45,12:00 PM – 12:00 AM,UNKNOWN,,,,unknown,5,RSL 2026 PDF
Burners without Borders,burners without borders,SUN PM — MON AM,7pm,BMIR,94.5 FM The Voice of the Man,Esplanade & 5:45,12:00 PM – 12:00 AM,UNKNOWN,,,,unknown,5,RSL 2026 PDF
Burger Pockets,burger pockets,SUN PM — MON AM,8pm,BMIR,94.5 FM The Voice of the Man,Esplanade & 5:45,12:00 PM – 12:00 AM,UNKNOWN,,,,unknown,5,RSL 2026 PDF
Beat Kitty,beat kitty,SUN PM — MON AM,10pm,BMIR,94.5 FM The Voice of the Man,Esplanade & 5:45,12:00 PM – 12:00 AM,UNKNOWN,,,,unknown,5,RSL 2026 PDF
Klee,klee,SUN PM — MON AM,12am,BMIR,94.5 FM The Voice of the Man,Esplanade & 5:45,12:00 AM – 12:00 PM,UNKNOWN,,,,unknown,5,RSL 2026 PDF
Full Service,full service,SUN PM — MON AM,2am,BMIR,94.5 FM The Voice of the Man,Esplanade & 5:45,12:00 AM – 12:00 PM,UNKNOWN,,,,unknown,5,RSL 2026 PDF
Face,face,SUN PM — MON AM,4am,BMIR,94.5 FM The Voice of the Man,Esplanade & 5:45,12:00 AM – 12:00 PM,UNKNOWN,,,,unknown,5,RSL 2026 PDF
Tango,tango,SUN PM — MON AM,6am,BMIR,94.5 FM The Voice of the Man,Esplanade & 5:45,12:00 AM – 12:00 PM,UNKNOWN,,,,unknown,5,RSL 2026 PDF
Brendan Burke,brendan burke,SUN PM — MON AM,8am,BMIR,94.5 FM The Voice of the Man,Esplanade & 5:45,12:00 AM – 12:00 PM,UNKNOWN,,,,unknown,5,RSL 2026 PDF
Electric Angel,electric angel,SUN PM — MON AM,10am,BMIR,94.5 FM The Voice of the Man,Esplanade & 5:45,12:00 AM – 12:00 PM,UNKNOWN,,,,unknown,5,RSL 2026 PDF
Christina's artists + Paute tribe,christina's artists + paute tribe,SUN PM — MON AM,6am,Christina: Queen of the BRC,with Gaian Airship,Temple of the Moon,06:00 AM – 08:00 AM,UNKNOWN,,,,unknown,5,RSL 2026 PDF
Jacob Timothy,jacob timothy,SUN PM — MON AM,5:30pm,Cuddle Oasis,,Esplanade & 2:30,05:30 PM – 02:30 AM,UNKNOWN,,,,unknown,5,RSL 2026 PDF
Moni,moni,SUN PM — MON AM,7pm,Cuddle Oasis,,Esplanade & 2:30,05:30 PM – 02:30 AM,UNKNOWN,,,,unknown,5,RSL 2026 PDF
Hooolia,hooolia,SUN PM — MON AM,8:30pm,Cuddle Oasis,,Esplanade & 2:30,05:30 PM – 02:30 AM,UNKNOWN,,,,unknown,5,RSL 2026 PDF
Kina,kina,SUN PM — MON AM,10pm,Cuddle Oasis,,Esplanade & 2:30,05:30 PM – 02:30 AM,UNKNOWN,,,,unknown,5,RSL 2026 PDF
Noumena,noumena,SUN PM — MON AM,11:30pm,Cuddle Oasis,,Esplanade & 2:30,05:30 PM – 02:30 AM,UNKNOWN,,,,unknown,5,RSL 2026 PDF
RoyGBiv,roygbiv,SUN PM — MON AM,1am,Cuddle Oasis,,Esplanade & 2:30,05:30 PM – 02:30 AM,UNKNOWN,,,,unknown,5,RSL 2026 PDF
Nasty Nate,nasty nate,SUN PM — MON AM,8pm,Deoxidized,Welcome Home Party,2:00 & D,08:00 PM – 03:00 AM,UNKNOWN,,,,unknown,5,RSL 2026 PDF
Zank,zank,SUN PM — MON AM,9pm,Deoxidized,Welcome Home Party,2:00 & D,08:00 PM – 03:00 AM,UNKNOWN,,,,unknown,5,RSL 2026 PDF
De La Mora,de la mora,SUN PM — MON AM,10pm,Deoxidized,Welcome Home Party,2:00 & D,08:00 PM – 03:00 AM,UNKNOWN,,,,unknown,5,RSL 2026 PDF
HugoA,hugoa,SUN PM — MON AM,11pm,Deoxidized,Welcome Home Party,2:00 & D,08:00 PM – 03:00 AM,UNKNOWN,,,,unknown,5,RSL 2026 PDF
Igor Marijuan,igor marijuan,SUN PM — MON AM,12am,Deoxidized,Welcome Home Party,2:00 & D,08:00 PM – 03:00 AM,UNKNOWN,,,,unknown,5,RSL 2026 PDF
Leyl Master Black,leyl master black,SUN PM — MON AM,1am,Deoxidized,Welcome Home Party,2:00 & D,08:00 PM – 03:00 AM,UNKNOWN,,,,unknown,5,RSL 2026 PDF
Seth Schwarz,seth schwarz,SUN PM — MON AM,2am,Deoxidized,Welcome Home Party,2:00 & D,08:00 PM – 03:00 AM,UNKNOWN,,,,unknown,5,RSL 2026 PDF
Zenti,zenti,SUN PM — MON AM,2:30pm,Disorient,,Esplanade & 8:00,02:30 PM – 11:00 PM,UNKNOWN,,,,unknown,5,RSL 2026 PDF
&ily,&ily,SUN PM — MON AM,4pm,Disorient,,Esplanade & 8:00,02:30 PM – 11:00 PM,UNKNOWN,,,,unknown,5,RSL 2026 PDF
Kirby,kirby,SUN PM — MON AM,5pm,Disorient,,Esplanade & 8:00,02:30 PM – 11:00 PM,UNKNOWN,,,,unknown,5,RSL 2026 PDF
Gongo,gongo,SUN PM — MON AM,6pm,Disorient,,Esplanade & 8:00,02:30 PM – 11:00 PM,UNKNOWN,,,,unknown,5,RSL 2026 PDF
Iman Rizky,iman rizky,SUN PM — MON AM,8pm,Disorient,,Esplanade & 8:00,02:30 PM – 11:00 PM,UNKNOWN,,,,unknown,5,RSL 2026 PDF
Binative (Groovercreator & GeoXie),binative (groovercreator & geoxie),SUN PM — MON AM,10pm,Disorient,,Esplanade & 8:00,02:30 PM – 11:00 PM,UNKNOWN,,,,unknown,5,RSL 2026 PDF
Neuromancer,neuromancer,SUN PM — MON AM,8pm,Emergence with BuddhaLounge,Deep Tribal House Music,10:00 & G,08:00 PM – 12:00 AM,UNKNOWN,,,,unknown,6,RSL 2026 PDF
Amanda Gaez,amanda gaez,SUN PM — MON AM,9pm,Emergence with BuddhaLounge,Deep Tribal House Music,10:00 & G,08:00 PM – 12:00 AM,UNKNOWN,,,,unknown,6,RSL 2026 PDF
Buddha Bass,buddha bass,SUN PM — MON AM,10pm,Emergence with BuddhaLounge,Deep Tribal House Music,10:00 & G,08:00 PM – 12:00 AM,UNKNOWN,,,,unknown,6,RSL 2026 PDF
Funky Town DJs,funky town djs,SUN PM — MON AM,12pm,Funky Town,"If you ain't first, you're last!",10:00 & D,12:00 PM – 08:00 PM,UNKNOWN,,,,unknown,6,RSL 2026 PDF
Major Trouble,major trouble,SUN PM — MON AM,12am,Illuminaughty,,9:00 G Plaza @ 11:00,12:00 AM – 01:30 AM,UNKNOWN,,,,unknown,6,RSL 2026 PDF
Mad,mad,SUN PM — MON AM,11:30am,Lands Beyond,Michelada Bacchanalia,F & 8:45,11:30 AM – 12:00 PM,UNKNOWN,,,,unknown,6,RSL 2026 PDF
Augustine,augustine,SUN PM — MON AM,6pm,Never Sleep Again,Welcome home party,8:30 & F,06:00 PM – 07:00 AM,UNKNOWN,,,,unknown,6,RSL 2026 PDF
Rameff,rameff,SUN PM — MON AM,7pm,Never Sleep Again,Welcome home party,8:30 & F,06:00 PM – 07:00 AM,UNKNOWN,,,,unknown,6,RSL 2026 PDF
Oba + Flip,oba + flip,SUN PM — MON AM,8pm,Never Sleep Again,Welcome home party,8:30 & F,06:00 PM – 07:00 AM,UNKNOWN,,,,unknown,6,RSL 2026 PDF
Kawas,kawas,SUN PM — MON AM,9:30pm,Never Sleep Again,Welcome home party,8:30 & F,06:00 PM – 07:00 AM,UNKNOWN,,,,unknown,6,RSL 2026 PDF
Enamour,enamour,SUN PM — MON AM,11pm,Never Sleep Again,Welcome home party,8:30 & F,06:00 PM – 07:00 AM,UNKNOWN,,,,unknown,6,RSL 2026 PDF
Rebolledo,rebolledo,SUN PM — MON AM,12:30am,Never Sleep Again,Welcome home party,8:30 & F,06:00 PM – 07:00 AM,UNKNOWN,,,,unknown,6,RSL 2026 PDF
Lovecraft,lovecraft,SUN PM — MON AM,2:30am,Never Sleep Again,Welcome home party,8:30 & F,06:00 PM – 07:00 AM,UNKNOWN,,,,unknown,6,RSL 2026 PDF
DJ Strangelove,dj strangelove,SUN PM — MON AM,4am,Never Sleep Again,Welcome home party,8:30 & F,06:00 PM – 07:00 AM,UNKNOWN,,,,unknown,6,RSL 2026 PDF
Jo.Ke,jo.ke,SUN PM — MON AM,5:30am,Never Sleep Again,Welcome home party,8:30 & F,06:00 PM – 07:00 AM,UNKNOWN,,,,unknown,6,RSL 2026 PDF
Pound Star,pound star,SUN PM — MON AM,9pm,Pink Ponies,The Queer Homecoming,7:00 & F,09:00 PM – 01:00 AM,UNKNOWN,,,,unknown,6,RSL 2026 PDF
Remy D,remy d,SUN PM — MON AM,10pm,Pink Ponies,The Queer Homecoming,7:00 & F,09:00 PM – 01:00 AM,UNKNOWN,,,,unknown,6,RSL 2026 PDF
Spenser Morris,spenser morris,SUN PM — MON AM,11pm,Pink Ponies,The Queer Homecoming,7:00 & F,09:00 PM – 01:00 AM,UNKNOWN,,,,unknown,6,RSL 2026 PDF
Heart On,heart on,SUN PM — MON AM,12am,Pink Ponies,The Queer Homecoming,7:00 & F,09:00 PM – 01:00 AM,UNKNOWN,,,,unknown,6,RSL 2026 PDF
Rippers Row b2b,rippers row b2b,SUN PM — MON AM,8pm,Rippers Row,The Yes Spectacular,3:00 Portal & A,08:00 PM – 02:00 AM,UNKNOWN,,,,unknown,6,RSL 2026 PDF
Socket,socket,SUN PM — MON AM,9:30pm,Rippers Row,The Yes Spectacular,3:00 Portal & A,08:00 PM – 02:00 AM,UNKNOWN,,,,unknown,6,RSL 2026 PDF
Witch Doctor,witch doctor,SUN PM — MON AM,11pm,Rippers Row,The Yes Spectacular,3:00 Portal & A,08:00 PM – 02:00 AM,UNKNOWN,,,,unknown,6,RSL 2026 PDF
Bobby Poppers,bobby poppers,SUN PM — MON AM,12:30am,Rippers Row,The Yes Spectacular,3:00 Portal & A,08:00 PM – 02:00 AM,UNKNOWN,,,,unknown,6,RSL 2026 PDF
Deoxidized LineUp,deoxidized lineup,SUN PM — MON AM,9pm,Sil-vi,Welcome Home Tie Up,2:00 & D,09:00 PM – 03:00 AM,UNKNOWN,,,,unknown,6,RSL 2026 PDF
Bread Again,bread again,SUN PM — MON AM,8pm,Snark Bar,Playa is Closed Party,9:00 B Plaza @ 1:15,08:00 PM – 01:00 AM,UNKNOWN,,,,unknown,6,RSL 2026 PDF
DJ ABT,dj abt,SUN PM — MON AM,9pm,Snark Bar,Playa is Closed Party,9:00 B Plaza @ 1:15,08:00 PM – 01:00 AM,UNKNOWN,,,,unknown,6,RSL 2026 PDF
Captain,captain,SUN PM — MON AM,10pm,Snark Bar,Playa is Closed Party,9:00 B Plaza @ 1:15,08:00 PM – 01:00 AM,UNKNOWN,,,,unknown,6,RSL 2026 PDF
Snark House DJs,snark house djs,SUN PM — MON AM,11pm,Snark Bar,Playa is Closed Party,9:00 B Plaza @ 1:15,08:00 PM – 01:00 AM,UNKNOWN,,,,unknown,6,RSL 2026 PDF
SugarPhuck,sugarphuck,SUN PM — MON AM,6pm,Spanky's Wine Bar,,7:30 & E,06:00 PM – 04:00 AM,UNKNOWN,,,,unknown,6,RSL 2026 PDF
Zuquim,zuquim,SUN PM — MON AM,8pm,Spanky's Wine Bar,,7:30 & E,06:00 PM – 04:00 AM,UNKNOWN,,,,unknown,6,RSL 2026 PDF
Tertronic,tertronic,SUN PM — MON AM,10pm,Spanky's Wine Bar,,7:30 & E,06:00 PM – 04:00 AM,UNKNOWN,,,,unknown,6,RSL 2026 PDF
Neco,neco,SUN PM — MON AM,12am,Spanky's Wine Bar,,7:30 & E,06:00 PM – 04:00 AM,UNKNOWN,,,,unknown,6,RSL 2026 PDF
TOVA,tova,SUN PM — MON AM,2am,Spanky's Wine Bar,,7:30 & E,06:00 PM – 04:00 AM,UNKNOWN,,,,unknown,6,RSL 2026 PDF
Darrin Farrow,darrin farrow,SUN PM — MON AM,9pm,The Lighthouse,,On The Playa,09:00 PM – 01:00 AM,UNKNOWN,,,,unknown,6,RSL 2026 PDF
Natou,natou,SUN PM — MON AM,11pm,The Lighthouse,,On The Playa,09:00 PM – 01:00 AM,UNKNOWN,,,,unknown,6,RSL 2026 PDF
KAMA,kama,SUN PM — MON AM,12pm,The Sound Garden,,2:00 & E,12:00 PM – 07:30 AM,UNKNOWN,,,,unknown,6,RSL 2026 PDF
Black Panda,black panda,SUN PM — MON AM,2pm,The Sound Garden,,2:00 & E,12:00 PM – 07:30 AM,UNKNOWN,,,,unknown,6,RSL 2026 PDF
GOMA,goma,SUN PM — MON AM,3:30pm,The Sound Garden,,2:00 & E,12:00 PM – 07:30 AM,UNKNOWN,,,,unknown,6,RSL 2026 PDF
Padre Bless,padre bless,SUN PM — MON AM,5pm,The Sound Garden,,2:00 & E,12:00 PM – 07:30 AM,UNKNOWN,,,,unknown,6,RSL 2026 PDF
CuddleFish,cuddlefish,SUN PM — MON AM,6pm,The Sound Garden,,2:00 & E,12:00 PM – 07:30 AM,UNKNOWN,,,,unknown,6,RSL 2026 PDF
JUST B,just b,SUN PM — MON AM,7:30pm,The Sound Garden,,2:00 & E,12:00 PM – 07:30 AM,UNKNOWN,,,,unknown,6,RSL 2026 PDF
NoSelf,noself,SUN PM — MON AM,9pm,The Sound Garden,,2:00 & E,12:00 PM – 07:30 AM,UNKNOWN,,,,unknown,6,RSL 2026 PDF
Silver Steph,silver steph,SUN PM — MON AM,10:30pm,The Sound Garden,,2:00 & E,12:00 PM – 07:30 AM,UNKNOWN,,,,unknown,6,RSL 2026 PDF
Ogan,ogan,SUN PM — MON AM,12am,The Sound Garden,,2:00 & E,12:00 PM – 07:30 AM,UNKNOWN,,,,unknown,6,RSL 2026 PDF
Reo,reo,SUN PM — MON AM,1:30am,The Sound Garden,,2:00 & E,12:00 PM – 07:30 AM,UNKNOWN,,,,unknown,6,RSL 2026 PDF
KINA,kina,SUN PM — MON AM,3am,The Sound Garden,,2:00 & E,12:00 PM – 07:30 AM,UNKNOWN,,,,unknown,6,RSL 2026 PDF
Ringo Muzik,ringo muzik,SUN PM — MON AM,6am,The Sound Garden,,2:00 & E,12:00 PM – 07:30 AM,UNKNOWN,,,,unknown,6,RSL 2026 PDF
Mouth Water,mouth water,SUN PM — MON AM,5pm,Venice Red Light,Red Light Therapy,2:00 & 2:00 B Plaza,05:00 PM – 12:30 AM,UNKNOWN,,,,unknown,6,RSL 2026 PDF
LiO,lio,SUN PM — MON AM,6:30pm,Venice Red Light,Red Light Therapy,2:00 & 2:00 B Plaza,05:00 PM – 12:30 AM,UNKNOWN,,,,unknown,6,RSL 2026 PDF
Sequin Tiger b2b Le Fronk,sequin tiger b2b le fronk,SUN PM — MON AM,8pm,Venice Red Light,Red Light Therapy,2:00 & 2:00 B Plaza,05:00 PM – 12:30 AM,UNKNOWN,,,,unknown,6,RSL 2026 PDF
Curva Peligrosa,curva peligrosa,SUN PM — MON AM,9:30pm,Venice Red Light,Red Light Therapy,2:00 & 2:00 B Plaza,05:00 PM – 12:30 AM,UNKNOWN,,,,unknown,6,RSL 2026 PDF
Nicoshi,nicoshi,SUN PM — MON AM,11pm,Venice Red Light,Red Light Therapy,2:00 & 2:00 B Plaza,05:00 PM – 12:30 AM,UNKNOWN,,,,unknown,6,RSL 2026 PDF
Unpocoloco,unpocoloco,SUN PM — MON AM,10:30am,Waffles & House,,8:30 & C,10:30 AM – 12:00 PM,UNKNOWN,,,,unknown,6,RSL 2026 PDF
David Garcia,david garcia,MON PM — TUE AM,4pm,¡AXOLOTL! The Earth Guardian,,On The Playa,04:00 PM – 09:30 PM,UNKNOWN,,,,unknown,7,RSL 2026 PDF
Bawab,bawab,MON PM — TUE AM,5pm,¡AXOLOTL! The Earth Guardian,,On The Playa,04:00 PM – 09:30 PM,UNKNOWN,,,,unknown,7,RSL 2026 PDF
BGolden,bgolden,MON PM — TUE AM,6:30pm,¡AXOLOTL! The Earth Guardian,,On The Playa,04:00 PM – 09:30 PM,UNKNOWN,,,,unknown,7,RSL 2026 PDF
Kwynumbra,kwynumbra,MON PM — TUE AM,8pm,¡AXOLOTL! The Earth Guardian,,On The Playa,04:00 PM – 09:30 PM,UNKNOWN,,,,unknown,7,RSL 2026 PDF
alibali,alibali,MON PM — TUE AM,9:30pm,¡AXOLOTL! The Earth Guardian,,The Race of Hearts,09:30 PM – 11:00 PM,UNKNOWN,,,,unknown,7,RSL 2026 PDF
Phantasmagoria DJs,phantasmagoria djs,MON PM — TUE AM,11pm,¡AXOLOTL! The Earth Guardian,,Esplanade & 4:00,11:00 PM – 02:00 AM,UNKNOWN,,,,unknown,7,RSL 2026 PDF
Tonic Walter,tonic walter,MON PM — TUE AM,2am,¡AXOLOTL! The Earth Guardian,,On The Playa,02:00 AM – 05:00 AM,UNKNOWN,,,,unknown,7,RSL 2026 PDF
Kasbï,kasbï,MON PM — TUE AM,3:30am,¡AXOLOTL! The Earth Guardian,,On The Playa,02:00 AM – 05:00 AM,UNKNOWN,,,,unknown,7,RSL 2026 PDF
LP Giobbi,lp giobbi,MON PM — TUE AM,5am,¡AXOLOTL! The Earth Guardian,,Dusty Corner of the Capital,05:00 AM – 06:30 AM,UNKNOWN,,,,unknown,7,RSL 2026 PDF
LALA Land,lala land,MON PM — TUE AM,6:30am,¡AXOLOTL! The Earth Guardian,,On The Playa,06:30 AM – 07:30 AM,UNKNOWN,,,,unknown,7,RSL 2026 PDF
The Trip,the trip,MON PM — TUE AM,12pm,Alternative Energy Zone,KAEZ radio 96.3fm,3:30 & E,12:00 PM – 08:00 PM,UNKNOWN,,,,unknown,7,RSL 2026 PDF
Messy Michelle and RW,messy michelle and rw,MON PM — TUE AM,2pm,Alternative Energy Zone,KAEZ radio 96.3fm,3:30 & E,12:00 PM – 08:00 PM,UNKNOWN,,,,unknown,7,RSL 2026 PDF
Sassy Danger,sassy danger,MON PM — TUE AM,4pm,Alternative Energy Zone,KAEZ radio 96.3fm,3:30 & E,12:00 PM – 08:00 PM,UNKNOWN,,,,unknown,7,RSL 2026 PDF
Elf,elf,MON PM — TUE AM,6pm,Alternative Energy Zone,KAEZ radio 96.3fm,3:30 & E,12:00 PM – 08:00 PM,UNKNOWN,,,,unknown,7,RSL 2026 PDF
Shibumi,shibumi,MON PM — TUE AM,10am,Alternative Energy Zone,KAEZ radio 96.3fm,3:30 & E,10:00 AM – 12:00 PM,UNKNOWN,,,,unknown,7,RSL 2026 PDF
Syrcles x Patrick Piemonte,syrcles x patrick piemonte,MON PM — TUE AM,7:30pm,Apotheneum,immersive music experience,Apotheneum,07:30 PM – 11:30 PM,UNKNOWN,,,,unknown,7,RSL 2026 PDF
Syrcles x Jeff Vyduna,syrcles x jeff vyduna,MON PM — TUE AM,10pm,Apotheneum,immersive music experience,Apotheneum,07:30 PM – 11:30 PM,UNKNOWN,,,,unknown,7,RSL 2026 PDF
Sky So Young,sky so young,MON PM — TUE AM,9pm,Ashram Galactica,,9:00 & J,09:00 PM – 04:00 AM,UNKNOWN,,,,unknown,7,RSL 2026 PDF
KalaMari,kalamari,MON PM — TUE AM,10:30pm,Ashram Galactica,,9:00 & J,09:00 PM – 04:00 AM,UNKNOWN,,,,unknown,7,RSL 2026 PDF
DJ Dane,dj dane,MON PM — TUE AM,12:30am,Ashram Galactica,,9:00 & J,09:00 PM – 04:00 AM,UNKNOWN,,,,unknown,7,RSL 2026 PDF
Lovecraft,lovecraft,MON PM — TUE AM,2am,Ashram Galactica,,9:00 & J,09:00 PM – 04:00 AM,UNKNOWN,,,,unknown,7,RSL 2026 PDF
Kyfi,kyfi,MON PM — TUE AM,9pm,Awkward & Tawdry Lounge,,Esplanade & 7:15,09:00 PM – 12:00 AM,UNKNOWN,,,,unknown,7,RSL 2026 PDF
BAAAHS DJs,baaahs djs,MON PM — TUE AM,7pm,BAAAHS,,7:00 & C,07:00 PM – 10:00 PM,UNKNOWN,,,,unknown,7,RSL 2026 PDF
BAAAHS DJs,baaahs djs,MON PM — TUE AM,10pm,BAAAHS,,D & 7:15,10:00 PM – 01:00 AM,UNKNOWN,,,,unknown,7,RSL 2026 PDF
BAAAHS x Glamcocks,baaahs x glamcocks,MON PM — TUE AM,1am,BAAAHS,Flocked and Loaded,On The Playa,01:00 AM – 06:00 AM,UNKNOWN,,,,unknown,7,RSL 2026 PDF
Sunrise Sonder,sunrise sonder,MON PM — TUE AM,7pm,Bad Asstronauts,Studio 54321,7:30 B Plaza @ 9:45,07:00 PM – 12:00 AM,UNKNOWN,,,,unknown,7,RSL 2026 PDF
Grant Tyler,grant tyler,MON PM — TUE AM,8pm,Bad Asstronauts,Studio 54321,7:30 B Plaza @ 9:45,07:00 PM – 12:00 AM,UNKNOWN,,,,unknown,7,RSL 2026 PDF
DUGAN,dugan,MON PM — TUE AM,9pm,Bad Asstronauts,Studio 54321,7:30 B Plaza @ 9:45,07:00 PM – 12:00 AM,UNKNOWN,,,,unknown,7,RSL 2026 PDF
REVEL,revel,MON PM — TUE AM,10pm,Bad Asstronauts,Studio 54321,7:30 B Plaza @ 9:45,07:00 PM – 12:00 AM,UNKNOWN,,,,unknown,7,RSL 2026 PDF
DJ ICON,dj icon,MON PM — TUE AM,11pm,Bad Asstronauts,Studio 54321,7:30 B Plaza @ 9:45,07:00 PM – 12:00 AM,UNKNOWN,,,,unknown,7,RSL 2026 PDF
KaPOWski!,kapowski!,MON PM — TUE AM,5pm,Best Butt,Best Pals x Booty Hour,B & 8:45,05:00 PM – 07:00 PM,UNKNOWN,,,,unknown,7,RSL 2026 PDF
Fouts,fouts,MON PM — TUE AM,6pm,Best Butt,Best Pals x Booty Hour,B & 8:45,05:00 PM – 07:00 PM,UNKNOWN,,,,unknown,7,RSL 2026 PDF
Live from the Mesa,live from the mesa,MON PM — TUE AM,5pm,Black Rock Travel Agency,ShoutingFire/Radio Electra 99.5,Airport Road,12:00 PM – 12:00 AM,UNKNOWN,,,,unknown,7,RSL 2026 PDF
Gryphons Aerie,gryphons aerie,MON PM — TUE AM,7pm,Black Rock Travel Agency,ShoutingFire/Radio Electra 99.5,Airport Road,12:00 PM – 12:00 AM,UNKNOWN,,,,unknown,7,RSL 2026 PDF
Electric Waste Band,electric waste band,MON PM — TUE AM,9pm,Black Rock Travel Agency,ShoutingFire/Radio Electra 99.5,Airport Road,12:00 PM – 12:00 AM,UNKNOWN,,,,unknown,7,RSL 2026 PDF
Alien Worlds,alien worlds,MON PM — TUE AM,12am,Black Rock Travel Agency,ShoutingFire/Radio Electra 99.5,Airport Road,12:00 AM – 12:00 PM,UNKNOWN,,,,unknown,7,RSL 2026 PDF
Unkl Vic,unkl vic,MON PM — TUE AM,9am,Black Rock Travel Agency,ShoutingFire/Radio Electra 99.5,Airport Road,12:00 AM – 12:00 PM,UNKNOWN,,,,unknown,7,RSL 2026 PDF
KAEZ,kaez,MON PM — TUE AM,10am,Black Rock Travel Agency,ShoutingFire/Radio Electra 99.5,Airport Road,12:00 AM – 12:00 PM,UNKNOWN,,,,unknown,7,RSL 2026 PDF
Vozhd',vozhd',MON PM — TUE AM,8pm,Blue Bull,,Nova,08:00 PM – 04:00 AM,UNKNOWN,,,,unknown,7,RSL 2026 PDF
D1,d1,MON PM — TUE AM,10pm,Blue Bull,,Nova,08:00 PM – 04:00 AM,UNKNOWN,,,,unknown,7,RSL 2026 PDF
Mamay,mamay,MON PM — TUE AM,12am,Blue Bull,,Nova,08:00 PM – 04:00 AM,UNKNOWN,,,,unknown,7,RSL 2026 PDF
Ro Rousseau,ro rousseau,MON PM — TUE AM,2am,Blue Bull,,Nova,08:00 PM – 04:00 AM,UNKNOWN,,,,unknown,7,RSL 2026 PDF
Third Rail,third rail,MON PM — TUE AM,12pm,BMIR,94.5 FM The Voice of the Man,Esplanade & 5:45,12:00 PM – 12:00 AM,UNKNOWN,,,,unknown,8,RSL 2026 PDF
Loboman,loboman,MON PM — TUE AM,2pm,BMIR,94.5 FM The Voice of the Man,Esplanade & 5:45,12:00 PM – 12:00 AM,UNKNOWN,,,,unknown,8,RSL 2026 PDF
Diablo,diablo,MON PM — TUE AM,4pm,BMIR,94.5 FM The Voice of the Man,Esplanade & 5:45,12:00 PM – 12:00 AM,UNKNOWN,,,,unknown,8,RSL 2026 PDF
The Professor,the professor,MON PM — TUE AM,6pm,BMIR,94.5 FM The Voice of the Man,Esplanade & 5:45,12:00 PM – 12:00 AM,UNKNOWN,,,,unknown,8,RSL 2026 PDF
Iris,iris,MON PM — TUE AM,8pm,BMIR,94.5 FM The Voice of the Man,Esplanade & 5:45,12:00 PM – 12:00 AM,UNKNOWN,,,,unknown,8,RSL 2026 PDF
Fireclown,fireclown,MON PM — TUE AM,10pm,BMIR,94.5 FM The Voice of the Man,Esplanade & 5:45,12:00 PM – 12:00 AM,UNKNOWN,,,,unknown,8,RSL 2026 PDF
Honey Shot,honey shot,MON PM — TUE AM,12am,BMIR,94.5 FM The Voice of the Man,Esplanade & 5:45,12:00 AM – 12:00 PM,UNKNOWN,,,,unknown,8,RSL 2026 PDF
Double Impact,double impact,MON PM — TUE AM,2am,BMIR,94.5 FM The Voice of the Man,Esplanade & 5:45,12:00 AM – 12:00 PM,UNKNOWN,,,,unknown,8,RSL 2026 PDF
Blue,blue,MON PM — TUE AM,4am,BMIR,94.5 FM The Voice of the Man,Esplanade & 5:45,12:00 AM – 12:00 PM,UNKNOWN,,,,unknown,8,RSL 2026 PDF
Cindiana Jones,cindiana jones,MON PM — TUE AM,6am,BMIR,94.5 FM The Voice of the Man,Esplanade & 5:45,12:00 AM – 12:00 PM,UNKNOWN,,,,unknown,8,RSL 2026 PDF
Alaska,alaska,MON PM — TUE AM,8am,BMIR,94.5 FM The Voice of the Man,Esplanade & 5:45,12:00 AM – 12:00 PM,UNKNOWN,,,,unknown,8,RSL 2026 PDF
Goku,goku,MON PM — TUE AM,10am,BMIR,94.5 FM The Voice of the Man,Esplanade & 5:45,12:00 AM – 12:00 PM,UNKNOWN,,,,unknown,8,RSL 2026 PDF
DJ Kaveh,dj kaveh,MON PM — TUE AM,8pm,Camp Shutterbuggy,Pole Position,E & 7:15,08:00 PM – 12:00 AM,UNKNOWN,,,,unknown,8,RSL 2026 PDF
Nadal Jr.,nadal jr.,MON PM — TUE AM,9pm,Camp Shutterbuggy,Pole Position,E & 7:15,08:00 PM – 12:00 AM,UNKNOWN,,,,unknown,8,RSL 2026 PDF
Pierre,pierre,MON PM — TUE AM,10pm,Camp Shutterbuggy,Pole Position,E & 7:15,08:00 PM – 12:00 AM,UNKNOWN,,,,unknown,8,RSL 2026 PDF
Sassy,sassy,MON PM — TUE AM,11pm,Camp Shutterbuggy,Pole Position,E & 7:15,08:00 PM – 12:00 AM,UNKNOWN,,,,unknown,8,RSL 2026 PDF
AIWAA,aiwaa,MON PM — TUE AM,6pm,Christina: Queen of the BRC,Welcome Home Sailors,2:00 & E,06:00 PM – 06:00 AM,UNKNOWN,,,,unknown,8,RSL 2026 PDF
Pietro,pietro,MON PM — TUE AM,8pm,Christina: Queen of the BRC,Welcome Home Sailors,2:00 & E,06:00 PM – 06:00 AM,UNKNOWN,,,,unknown,8,RSL 2026 PDF
Charles Lazarus,charles lazarus,MON PM — TUE AM,10pm,Christina: Queen of the BRC,Welcome Home Sailors,2:00 & E,06:00 PM – 06:00 AM,UNKNOWN,,,,unknown,8,RSL 2026 PDF
Rameff,rameff,MON PM — TUE AM,12am,Christina: Queen of the BRC,Welcome Home Sailors,2:00 & E,06:00 PM – 06:00 AM,UNKNOWN,,,,unknown,8,RSL 2026 PDF
Leon (FR),leon (fr),MON PM — TUE AM,2am,Christina: Queen of the BRC,Welcome Home Sailors,2:00 & E,06:00 PM – 06:00 AM,UNKNOWN,,,,unknown,8,RSL 2026 PDF
SIMBASŌL,simbasōl,MON PM — TUE AM,4am,Christina: Queen of the BRC,Welcome Home Sailors,2:00 & E,06:00 PM – 06:00 AM,UNKNOWN,,,,unknown,8,RSL 2026 PDF
"Daydream, Land Ho! & Polaris Artists","daydream, land ho! & polaris artists",MON PM — TUE AM,9pm,Christina: Queen of the BRC,with Dreamy and Manta ray,Titanic,09:00 PM – 01:00 AM,UNKNOWN,,,,unknown,8,RSL 2026 PDF
Ksukroft,ksukroft,MON PM — TUE AM,4pm,Cuddle Oasis,Cuddle Oasis Welcome Party,Esplanade & 2:30,04:00 PM – 02:30 AM,UNKNOWN,,,,unknown,8,RSL 2026 PDF
Yaku Means Water (Hybrid Set),yaku means water (hybrid set),MON PM — TUE AM,5:30pm,Cuddle Oasis,Cuddle Oasis Welcome Party,Esplanade & 2:30,04:00 PM – 02:30 AM,UNKNOWN,,,,unknown,8,RSL 2026 PDF
Alkemiss erika,alkemiss erika,MON PM — TUE AM,8:30pm,Cuddle Oasis,Cuddle Oasis Welcome Party,Esplanade & 2:30,04:00 PM – 02:30 AM,UNKNOWN,,,,unknown,8,RSL 2026 PDF
Gilarden b2b Hooolia,gilarden b2b hooolia,MON PM — TUE AM,10pm,Cuddle Oasis,Cuddle Oasis Welcome Party,Esplanade & 2:30,04:00 PM – 02:30 AM,UNKNOWN,,,,unknown,8,RSL 2026 PDF
Rameff,rameff,MON PM — TUE AM,11pm,Cuddle Oasis,Cuddle Oasis Welcome Party,Esplanade & 2:30,04:00 PM – 02:30 AM,UNKNOWN,,,,unknown,8,RSL 2026 PDF
Reo,reo,MON PM — TUE AM,1am,Cuddle Oasis,Cuddle Oasis Welcome Party,Esplanade & 2:30,04:00 PM – 02:30 AM,UNKNOWN,,,,unknown,8,RSL 2026 PDF
Tagg,tagg,MON PM — TUE AM,1pm,DeMentha,"Mojitos, Music, Mist",3:00 Portal & A,01:00 PM – 06:00 PM,UNKNOWN,,,,unknown,8,RSL 2026 PDF
Bobby Lyte,bobby lyte,MON PM — TUE AM,2pm,DeMentha,"Mojitos, Music, Mist",3:00 Portal & A,01:00 PM – 06:00 PM,UNKNOWN,,,,unknown,8,RSL 2026 PDF
GLITTA,glitta,MON PM — TUE AM,3pm,DeMentha,"Mojitos, Music, Mist",3:00 Portal & A,01:00 PM – 06:00 PM,UNKNOWN,,,,unknown,8,RSL 2026 PDF
OGAN,ogan,MON PM — TUE AM,4pm,DeMentha,"Mojitos, Music, Mist",3:00 Portal & A,01:00 PM – 06:00 PM,UNKNOWN,,,,unknown,8,RSL 2026 PDF
Yaz,yaz,MON PM — TUE AM,5pm,DeMentha,"Mojitos, Music, Mist",3:00 Portal & A,01:00 PM – 06:00 PM,UNKNOWN,,,,unknown,8,RSL 2026 PDF
Samantha,samantha,MON PM — TUE AM,8pm,Deoxidized,,2:00 & D,08:00 PM – 03:00 AM,UNKNOWN,,,,unknown,8,RSL 2026 PDF
Andrea Castells,andrea castells,MON PM — TUE AM,9pm,Deoxidized,,2:00 & D,08:00 PM – 03:00 AM,UNKNOWN,,,,unknown,8,RSL 2026 PDF
Nevos,nevos,MON PM — TUE AM,11pm,Deoxidized,,2:00 & D,08:00 PM – 03:00 AM,UNKNOWN,,,,unknown,8,RSL 2026 PDF
86Hz,86hz,MON PM — TUE AM,1:30am,Deoxidized,,2:00 & D,08:00 PM – 03:00 AM,UNKNOWN,,,,unknown,8,RSL 2026 PDF
Gringo Safari,gringo safari,MON PM — TUE AM,2:30pm,Disorient,,Esplanade & 8:00,02:30 PM – 02:00 AM,UNKNOWN,,,,unknown,8,RSL 2026 PDF
Tom Sonic,tom sonic,MON PM — TUE AM,4pm,Disorient,,Esplanade & 8:00,02:30 PM – 02:00 AM,UNKNOWN,,,,unknown,8,RSL 2026 PDF
Frothyfukr,frothyfukr,MON PM — TUE AM,6pm,Disorient,,Esplanade & 8:00,02:30 PM – 02:00 AM,UNKNOWN,,,,unknown,8,RSL 2026 PDF
Ryan Das,ryan das,MON PM — TUE AM,7pm,Disorient,,Esplanade & 8:00,02:30 PM – 02:00 AM,UNKNOWN,,,,unknown,8,RSL 2026 PDF
Riley Love,riley love,MON PM — TUE AM,8pm,Disorient,,Esplanade & 8:00,02:30 PM – 02:00 AM,UNKNOWN,,,,unknown,8,RSL 2026 PDF
Zach Walker,zach walker,MON PM — TUE AM,10pm,Disorient,,Esplanade & 8:00,02:30 PM – 02:00 AM,UNKNOWN,,,,unknown,8,RSL 2026 PDF
M*Linss,m*linss,MON PM — TUE AM,12am,Disorient,,Esplanade & 8:00,02:30 PM – 02:00 AM,UNKNOWN,,,,unknown,8,RSL 2026 PDF
Nova Heaven,nova heaven,MON PM — TUE AM,10pm,"Eden, Sabuko, Blue Bull","Eden, Sabuko, Blue Bull link up",Nova,10:00 PM – 09:00 AM,UNKNOWN,,,,unknown,8,RSL 2026 PDF
Sasi,sasi,MON PM — TUE AM,11pm,"Eden, Sabuko, Blue Bull","Eden, Sabuko, Blue Bull link up",Nova,10:00 PM – 09:00 AM,UNKNOWN,,,,unknown,8,RSL 2026 PDF
Gabe,gabe,MON PM — TUE AM,1am,"Eden, Sabuko, Blue Bull","Eden, Sabuko, Blue Bull link up",Nova,10:00 PM – 09:00 AM,UNKNOWN,,,,unknown,8,RSL 2026 PDF
Monobase,monobase,MON PM — TUE AM,2:30am,"Eden, Sabuko, Blue Bull","Eden, Sabuko, Blue Bull link up",Nova,10:00 PM – 09:00 AM,UNKNOWN,,,,unknown,8,RSL 2026 PDF
Max Styler B2B Mishell,max styler b2b mishell,MON PM — TUE AM,4:30am,"Eden, Sabuko, Blue Bull","Eden, Sabuko, Blue Bull link up",Nova,10:00 PM – 09:00 AM,UNKNOWN,,,,unknown,8,RSL 2026 PDF
Darco B2B Luch,darco b2b luch,MON PM — TUE AM,6:30am,"Eden, Sabuko, Blue Bull","Eden, Sabuko, Blue Bull link up",Nova,10:00 PM – 09:00 AM,UNKNOWN,,,,unknown,8,RSL 2026 PDF
Neuromancer,neuromancer,MON PM — TUE AM,8pm,Emergence with Buddha Lounge,Deep Tribal House Music,10:00 & G,08:00 PM – 12:00 AM,UNKNOWN,,,,unknown,8,RSL 2026 PDF
Amanda Gaez,amanda gaez,MON PM — TUE AM,9pm,Emergence with Buddha Lounge,Deep Tribal House Music,10:00 & G,08:00 PM – 12:00 AM,UNKNOWN,,,,unknown,8,RSL 2026 PDF
Buddha Bass,buddha bass,MON PM — TUE AM,10pm,Emergence with Buddha Lounge,Deep Tribal House Music,10:00 & G,08:00 PM – 12:00 AM,UNKNOWN,,,,unknown,8,RSL 2026 PDF
Ashara,ashara,MON PM — TUE AM,12pm,Funky Town,Montana Medley,10:00 & D,12:00 PM – 09:00 PM,UNKNOWN,,,,unknown,8,RSL 2026 PDF
DJ Reed,dj reed,MON PM — TUE AM,1pm,Funky Town,Montana Medley,10:00 & D,12:00 PM – 09:00 PM,UNKNOWN,,,,unknown,8,RSL 2026 PDF
Chase Björnson,chase björnson,MON PM — TUE AM,2pm,Funky Town,Montana Medley,10:00 & D,12:00 PM – 09:00 PM,UNKNOWN,,,,unknown,8,RSL 2026 PDF
Israel Acido,israel acido,MON PM — TUE AM,3pm,Funky Town,Montana Medley,10:00 & D,12:00 PM – 09:00 PM,UNKNOWN,,,,unknown,8,RSL 2026 PDF
Kettu,kettu,MON PM — TUE AM,4pm,Funky Town,Montana Medley,10:00 & D,12:00 PM – 09:00 PM,UNKNOWN,,,,unknown,8,RSL 2026 PDF
Funk Foxx,funk foxx,MON PM — TUE AM,5pm,Funky Town,Montana Medley,10:00 & D,12:00 PM – 09:00 PM,UNKNOWN,,,,unknown,8,RSL 2026 PDF
Chris Moyles,chris moyles,MON PM — TUE AM,6pm,Funky Town,Montana Medley,10:00 & D,12:00 PM – 09:00 PM,UNKNOWN,,,,unknown,8,RSL 2026 PDF
Cameron Angeli,cameron angeli,MON PM — TUE AM,7pm,Funky Town,Montana Medley,10:00 & D,12:00 PM – 09:00 PM,UNKNOWN,,,,unknown,8,RSL 2026 PDF
Cambient Lounge,cambient lounge,MON PM — TUE AM,12am,Funky Town,Marathon Dance-a-thon,10:00 & D,12:00 AM – 08:00 AM,UNKNOWN,,,,unknown,9,RSL 2026 PDF
Levi Junkert b2b Chris Pfaff,levi junkert b2b chris pfaff,MON PM — TUE AM,4am,Funky Town,Marathon Dance-a-thon,10:00 & D,12:00 AM – 08:00 AM,UNKNOWN,,,,unknown,9,RSL 2026 PDF
Le Fiu,le fiu,MON PM — TUE AM,9pm,Glamcocks,Axis: Celestial & earthly vibes,7:00 & D,09:00 PM – 12:00 AM,UNKNOWN,,,,unknown,9,RSL 2026 PDF
Conner Curnick,conner curnick,MON PM — TUE AM,10pm,Glamcocks,Axis: Celestial & earthly vibes,7:00 & D,09:00 PM – 12:00 AM,UNKNOWN,,,,unknown,9,RSL 2026 PDF
Roberto Ristorucci,roberto ristorucci,MON PM — TUE AM,11pm,Glamcocks,Axis: Celestial & earthly vibes,7:00 & D,09:00 PM – 12:00 AM,UNKNOWN,,,,unknown,9,RSL 2026 PDF
Autogyro,autogyro,MON PM — TUE AM,10am,Glamcocks,Reading Room,7:00 & D,10:00 AM – 12:00 PM,UNKNOWN,,,,unknown,9,RSL 2026 PDF
Sacred Echoes,sacred echoes,MON PM — TUE AM,12pm,Hookahdome,Psychedelic Sound Experience,Esplanade & 4:15,12:00 PM – 01:00 PM,UNKNOWN,,,,unknown,9,RSL 2026 PDF
Alex Dudini,alex dudini,MON PM — TUE AM,4pm,Jail of Hedone,,6:30 & E,04:00 PM – 08:00 PM,UNKNOWN,,,,unknown,9,RSL 2026 PDF
I AM LEX,i am lex,MON PM — TUE AM,5pm,Jail of Hedone,,6:30 & E,04:00 PM – 08:00 PM,UNKNOWN,,,,unknown,9,RSL 2026 PDF
baër,baër,MON PM — TUE AM,6:30pm,Jail of Hedone,,6:30 & E,04:00 PM – 08:00 PM,UNKNOWN,,,,unknown,9,RSL 2026 PDF
Beto Beats,beto beats,MON PM — TUE AM,1:30pm,Lands Beyond,Michelada Bacchanalia,F & 8:45,12:00 PM – 03:30 PM,UNKNOWN,,,,unknown,9,RSL 2026 PDF
Subsoniq,subsoniq,MON PM — TUE AM,11:30am,Lands Beyond,Michelada Bacchanalia,F & 8:45,11:30 AM – 12:00 PM,UNKNOWN,,,,unknown,9,RSL 2026 PDF
Idell,idell,MON PM — TUE AM,11pm,Midnight Roast,"Techno, Acid, Hard Techno",2:00 & C,11:00 PM – 05:00 AM,UNKNOWN,,,,unknown,9,RSL 2026 PDF
HE + SHE,he + she,MON PM — TUE AM,12:30am,Midnight Roast,"Techno, Acid, Hard Techno",2:00 & C,11:00 PM – 05:00 AM,UNKNOWN,,,,unknown,9,RSL 2026 PDF
Schoenhauser,schoenhauser,MON PM — TUE AM,2am,Midnight Roast,"Techno, Acid, Hard Techno",2:00 & C,11:00 PM – 05:00 AM,UNKNOWN,,,,unknown,9,RSL 2026 PDF
akiika,akiika,MON PM — TUE AM,3:30am,Midnight Roast,"Techno, Acid, Hard Techno",2:00 & C,11:00 PM – 05:00 AM,UNKNOWN,,,,unknown,9,RSL 2026 PDF
Mighty Misfits Camp DJs,mighty misfits camp djs,MON PM — TUE AM,7pm,Mighty Misfits,Opening Night On Broadway,2:30 & D,07:00 PM – 11:00 PM,UNKNOWN,,,,unknown,9,RSL 2026 PDF
Christian Voldstad,christian voldstad,MON PM — TUE AM,3pm,Miki Beach,Kimono Disco,10:00 & F,03:00 PM – 12:30 AM,UNKNOWN,,,,unknown,9,RSL 2026 PDF
Iman Rizky b2b Sky So Young + Oli,iman rizky b2b sky so young + oli,MON PM — TUE AM,4pm,Miki Beach,Kimono Disco,10:00 & F,03:00 PM – 12:30 AM,UNKNOWN,,,,unknown,9,RSL 2026 PDF
Dave DK b2b Iman Rizky,dave dk b2b iman rizky,MON PM — TUE AM,5:15pm,Miki Beach,Kimono Disco,10:00 & F,03:00 PM – 12:30 AM,UNKNOWN,,,,unknown,9,RSL 2026 PDF
Amine K,amine k,MON PM — TUE AM,6:30pm,Miki Beach,Kimono Disco,10:00 & F,03:00 PM – 12:30 AM,UNKNOWN,,,,unknown,9,RSL 2026 PDF
Igor Marijuan,igor marijuan,MON PM — TUE AM,8pm,Miki Beach,Kimono Disco,10:00 & F,03:00 PM – 12:30 AM,UNKNOWN,,,,unknown,9,RSL 2026 PDF
David Hohme,david hohme,MON PM — TUE AM,9:30pm,Miki Beach,Kimono Disco,10:00 & F,03:00 PM – 12:30 AM,UNKNOWN,,,,unknown,9,RSL 2026 PDF
Rodriguez Jr,rodriguez jr,MON PM — TUE AM,11pm,Miki Beach,Kimono Disco,10:00 & F,03:00 PM – 12:30 AM,UNKNOWN,,,,unknown,9,RSL 2026 PDF
BRK×BRK,brk×brk,MON PM — TUE AM,6pm,MindShark,The World of House,Esplanade & 3:00 Portal,06:00 PM – 07:30 AM,UNKNOWN,,,,unknown,9,RSL 2026 PDF
amongst few,amongst few,MON PM — TUE AM,8:30pm,MindShark,The World of House,Esplanade & 3:00 Portal,06:00 PM – 07:30 AM,UNKNOWN,,,,unknown,9,RSL 2026 PDF
Breauxx,breauxx,MON PM — TUE AM,10pm,MindShark,The World of House,Esplanade & 3:00 Portal,06:00 PM – 07:30 AM,UNKNOWN,,,,unknown,9,RSL 2026 PDF
Toúcanplay,toúcanplay,MON PM — TUE AM,11:30pm,MindShark,The World of House,Esplanade & 3:00 Portal,06:00 PM – 07:30 AM,UNKNOWN,,,,unknown,9,RSL 2026 PDF
Casey Gordon,casey gordon,MON PM — TUE AM,1am,MindShark,The World of House,Esplanade & 3:00 Portal,06:00 PM – 07:30 AM,UNKNOWN,,,,unknown,9,RSL 2026 PDF
Lionel Ray,lionel ray,MON PM — TUE AM,2:30am,MindShark,The World of House,Esplanade & 3:00 Portal,06:00 PM – 07:30 AM,UNKNOWN,,,,unknown,9,RSL 2026 PDF
LILA & SALA,lila & sala,MON PM — TUE AM,4am,MindShark,The World of House,Esplanade & 3:00 Portal,06:00 PM – 07:30 AM,UNKNOWN,,,,unknown,9,RSL 2026 PDF
Dj R.A.F,dj r.a.f,MON PM — TUE AM,5:30am,MindShark,The World of House,Esplanade & 3:00 Portal,06:00 PM – 07:30 AM,UNKNOWN,,,,unknown,9,RSL 2026 PDF
Big Jew,big jew,MON PM — TUE AM,9pm,Mission Country Club,Hip Hop Ball,7:00 & D,09:00 PM – 01:00 AM,UNKNOWN,,,,unknown,9,RSL 2026 PDF
LP Giobb,lp giobb,MON PM — TUE AM,10pm,Mystic,Mystics's Mysterious Lauch Party,2:00 & F,10:00 PM – 02:00 AM,UNKNOWN,,,,unknown,9,RSL 2026 PDF
Simon Harrison,simon harrison,MON PM — TUE AM,11pm,Mystic,Mystics's Mysterious Lauch Party,2:00 & F,10:00 PM – 02:00 AM,UNKNOWN,,,,unknown,9,RSL 2026 PDF
MURFF,murff,MON PM — TUE AM,12am,Mystic,Mystics's Mysterious Lauch Party,2:00 & F,10:00 PM – 02:00 AM,UNKNOWN,,,,unknown,9,RSL 2026 PDF
Denton,denton,MON PM — TUE AM,1am,Mystic,Mystics's Mysterious Lauch Party,2:00 & F,10:00 PM – 02:00 AM,UNKNOWN,,,,unknown,9,RSL 2026 PDF
Theia,theia,MON PM — TUE AM,8pm,Never Sleep Again,Night bloom happy hour,8:30 & F,08:00 PM – 01:30 AM,UNKNOWN,,,,unknown,9,RSL 2026 PDF
Stephan May,stephan may,MON PM — TUE AM,9pm,Never Sleep Again,Night bloom happy hour,8:30 & F,08:00 PM – 01:30 AM,UNKNOWN,,,,unknown,9,RSL 2026 PDF
Anton Tumas,anton tumas,MON PM — TUE AM,10:30pm,Never Sleep Again,Night bloom happy hour,8:30 & F,08:00 PM – 01:30 AM,UNKNOWN,,,,unknown,9,RSL 2026 PDF
Sperry,sperry,MON PM — TUE AM,12am,Never Sleep Again,Night bloom happy hour,8:30 & F,08:00 PM – 01:30 AM,UNKNOWN,,,,unknown,9,RSL 2026 PDF
Opening Ceremony,opening ceremony,MON PM — TUE AM,9pm,Opulent Temple,Axis of Opulence,Esplanade & 10:00,09:00 PM – 03:45 AM,UNKNOWN,,,,unknown,9,RSL 2026 PDF
Enmi,enmi,MON PM — TUE AM,9:15pm,Opulent Temple,Axis of Opulence,Esplanade & 10:00,09:00 PM – 03:45 AM,UNKNOWN,,,,unknown,9,RSL 2026 PDF
Syd Gris (The Pink Floyd Set),syd gris (the pink floyd set),MON PM — TUE AM,10:15pm,Opulent Temple,Axis of Opulence,Esplanade & 10:00,09:00 PM – 03:45 AM,UNKNOWN,,,,unknown,9,RSL 2026 PDF
Artemistique,artemistique,MON PM — TUE AM,11:15pm,Opulent Temple,Axis of Opulence,Esplanade & 10:00,09:00 PM – 03:45 AM,UNKNOWN,,,,unknown,9,RSL 2026 PDF
Maddy O'Neal (Madhaus Set),maddy o'neal (madhaus set),MON PM — TUE AM,12:15am,Opulent Temple,Axis of Opulence,Esplanade & 10:00,09:00 PM – 03:45 AM,UNKNOWN,,,,unknown,9,RSL 2026 PDF
Slander presents Before Dawn,slander presents before dawn,MON PM — TUE AM,1:15am,Opulent Temple,Axis of Opulence,Esplanade & 10:00,09:00 PM – 03:45 AM,UNKNOWN,,,,unknown,9,RSL 2026 PDF
Casmalia,casmalia,MON PM — TUE AM,2:45am,Opulent Temple,Axis of Opulence,Esplanade & 10:00,09:00 PM – 03:45 AM,UNKNOWN,,,,unknown,9,RSL 2026 PDF
Zilkha,zilkha,MON PM — TUE AM,7pm,Raccoons,The Grand Soft and Furry opening,6:00 & F,07:00 PM – 01:00 AM,UNKNOWN,,,,unknown,10,RSL 2026 PDF
Goku,goku,MON PM — TUE AM,9pm,Raccoons,The Grand Soft and Furry opening,6:00 & F,07:00 PM – 01:00 AM,UNKNOWN,,,,unknown,10,RSL 2026 PDF
Moon Lemonade,moon lemonade,MON PM — TUE AM,11pm,Raccoons,The Grand Soft and Furry opening,6:00 & F,07:00 PM – 01:00 AM,UNKNOWN,,,,unknown,10,RSL 2026 PDF
Bandi,bandi,MON PM — TUE AM,8pm,Rippers Row,Celestical Circus,3:00 Portal & A,08:00 PM – 02:00 AM,UNKNOWN,,,,unknown,10,RSL 2026 PDF
Micha,micha,MON PM — TUE AM,9:30pm,Rippers Row,Celestical Circus,3:00 Portal & A,08:00 PM – 02:00 AM,UNKNOWN,,,,unknown,10,RSL 2026 PDF
Bhaskar,bhaskar,MON PM — TUE AM,11pm,Rippers Row,Celestical Circus,3:00 Portal & A,08:00 PM – 02:00 AM,UNKNOWN,,,,unknown,10,RSL 2026 PDF
Kon Faber,kon faber,MON PM — TUE AM,12:30am,Rippers Row,Celestical Circus,3:00 Portal & A,08:00 PM – 02:00 AM,UNKNOWN,,,,unknown,10,RSL 2026 PDF
Travis Rose,travis rose,MON PM — TUE AM,1pm,Second Rodeo,Self Care Saloon,8:30 & E,01:00 PM – 04:00 PM,UNKNOWN,,,,unknown,10,RSL 2026 PDF
Gaddy,gaddy,MON PM — TUE AM,4pm,Second Rodeo,Cowfolx Cool Off,8:30 & E,04:00 PM – 08:00 PM,UNKNOWN,,,,unknown,10,RSL 2026 PDF
Fluffernutter,fluffernutter,MON PM — TUE AM,5pm,Second Rodeo,Cowfolx Cool Off,8:30 & E,04:00 PM – 08:00 PM,UNKNOWN,,,,unknown,10,RSL 2026 PDF
Mojo Jojo,mojo jojo,MON PM — TUE AM,6:30pm,Second Rodeo,Cowfolx Cool Off,8:30 & E,04:00 PM – 08:00 PM,UNKNOWN,,,,unknown,10,RSL 2026 PDF
Tobi with DJ Bang3rz & Shitz Poppinoff,tobi with dj bang3rz & shitz poppinoff,MON PM — TUE AM,11:45pm,Sil-vi,With HeliBus Pumpin' Kutz,On The Playa,11:45 PM – 07:45 AM,UNKNOWN,,,,unknown,10,RSL 2026 PDF
Nick Wood,nick wood,MON PM — TUE AM,3pm,Solarpunks,,2:00 & K,03:00 PM – 08:00 PM,UNKNOWN,,,,unknown,10,RSL 2026 PDF
Ves [Non Profit Rave],ves [non profit rave],MON PM — TUE AM,4pm,Solarpunks,,2:00 & K,03:00 PM – 08:00 PM,UNKNOWN,,,,unknown,10,RSL 2026 PDF
Non Profit Rave DJs,non profit rave djs,MON PM — TUE AM,6pm,Solarpunks,,2:00 & K,03:00 PM – 08:00 PM,UNKNOWN,,,,unknown,10,RSL 2026 PDF
Lazer,lazer,MON PM — TUE AM,8pm,Spanky's Wine Bar,,7:30 & E,08:00 PM – 04:00 AM,UNKNOWN,,,,unknown,10,RSL 2026 PDF
Grease WithaSpoon,grease withaspoon,MON PM — TUE AM,10pm,Spanky's Wine Bar,,7:30 & E,08:00 PM – 04:00 AM,UNKNOWN,,,,unknown,10,RSL 2026 PDF
Leandro Silva,leandro silva,MON PM — TUE AM,12am,Spanky's Wine Bar,,7:30 & E,08:00 PM – 04:00 AM,UNKNOWN,,,,unknown,10,RSL 2026 PDF
Julean,julean,MON PM — TUE AM,2am,Spanky's Wine Bar,,7:30 & E,08:00 PM – 04:00 AM,UNKNOWN,,,,unknown,10,RSL 2026 PDF
Space Case,space case,MON PM — TUE AM,2pm,Teddies,Welcome Home!,4:30 B Plaza @ 8:15,02:00 PM – 06:00 PM,UNKNOWN,,,,unknown,10,RSL 2026 PDF
Lidiya b2b blackbrook,lidiya b2b blackbrook,MON PM — TUE AM,3:30pm,Teddies,Welcome Home!,4:30 B Plaza @ 8:15,02:00 PM – 06:00 PM,UNKNOWN,,,,unknown,10,RSL 2026 PDF
Stré,stré,MON PM — TUE AM,5pm,Teddies,Welcome Home!,4:30 B Plaza @ 8:15,02:00 PM – 06:00 PM,UNKNOWN,,,,unknown,10,RSL 2026 PDF
PK b2b Frisbee,pk b2b frisbee,MON PM — TUE AM,1am,The Lighthouse,,On The Playa,01:00 AM – 12:00 PM,UNKNOWN,,,,unknown,10,RSL 2026 PDF
Zank,zank,MON PM — TUE AM,12pm,The Sound Garden,bipoc beats collective takeover,2:00 & E,12:00 PM – 08:00 PM,UNKNOWN,,,,unknown,10,RSL 2026 PDF
Khalessi,khalessi,MON PM — TUE AM,1pm,The Sound Garden,bipoc beats collective takeover,2:00 & E,12:00 PM – 08:00 PM,UNKNOWN,,,,unknown,10,RSL 2026 PDF
Mihir,mihir,MON PM — TUE AM,2pm,The Sound Garden,bipoc beats collective takeover,2:00 & E,12:00 PM – 08:00 PM,UNKNOWN,,,,unknown,10,RSL 2026 PDF
Sahara Dawn,sahara dawn,MON PM — TUE AM,3pm,The Sound Garden,bipoc beats collective takeover,2:00 & E,12:00 PM – 08:00 PM,UNKNOWN,,,,unknown,10,RSL 2026 PDF
Dr. Dom,dr. dom,MON PM — TUE AM,4pm,The Sound Garden,bipoc beats collective takeover,2:00 & E,12:00 PM – 08:00 PM,UNKNOWN,,,,unknown,10,RSL 2026 PDF
Lola Jak,lola jak,MON PM — TUE AM,5pm,The Sound Garden,bipoc beats collective takeover,2:00 & E,12:00 PM – 08:00 PM,UNKNOWN,,,,unknown,10,RSL 2026 PDF
Myles O' Neal,myles o' neal,MON PM — TUE AM,6pm,The Sound Garden,bipoc beats collective takeover,2:00 & E,12:00 PM – 08:00 PM,UNKNOWN,,,,unknown,10,RSL 2026 PDF
MNTRA,mntra,MON PM — TUE AM,7pm,The Sound Garden,bipoc beats collective takeover,2:00 & E,12:00 PM – 08:00 PM,UNKNOWN,,,,unknown,10,RSL 2026 PDF
MARK:AM,mark:am,MON PM — TUE AM,8pm,The Sound Garden,,2:00 & E,08:00 PM – 11:00 AM,UNKNOWN,,,,unknown,10,RSL 2026 PDF
Deiv Schön,deiv schön,MON PM — TUE AM,9pm,The Sound Garden,,2:00 & E,08:00 PM – 11:00 AM,UNKNOWN,,,,unknown,10,RSL 2026 PDF
Amongst Two,amongst two,MON PM — TUE AM,10:30pm,The Sound Garden,,2:00 & E,08:00 PM – 11:00 AM,UNKNOWN,,,,unknown,10,RSL 2026 PDF
DJ Lady Vitamins,dj lady vitamins,MON PM — TUE AM,12am,The Sound Garden,,2:00 & E,08:00 PM – 11:00 AM,UNKNOWN,,,,unknown,10,RSL 2026 PDF
Sagmo,sagmo,MON PM — TUE AM,1:30am,The Sound Garden,,2:00 & E,08:00 PM – 11:00 AM,UNKNOWN,,,,unknown,10,RSL 2026 PDF
Matony,matony,MON PM — TUE AM,2:30am,The Sound Garden,,2:00 & E,08:00 PM – 11:00 AM,UNKNOWN,,,,unknown,10,RSL 2026 PDF
Nativo,nativo,MON PM — TUE AM,3:30am,The Sound Garden,,2:00 & E,08:00 PM – 11:00 AM,UNKNOWN,,,,unknown,10,RSL 2026 PDF
Ahau,ahau,MON PM — TUE AM,4:30am,The Sound Garden,,2:00 & E,08:00 PM – 11:00 AM,UNKNOWN,,,,unknown,10,RSL 2026 PDF
Yaku Means Water,yaku means water,MON PM — TUE AM,6am,The Sound Garden,,2:00 & E,08:00 PM – 11:00 AM,UNKNOWN,,,,unknown,10,RSL 2026 PDF
Sirius,sirius,MON PM — TUE AM,7:30am,The Sound Garden,,2:00 & E,08:00 PM – 11:00 AM,UNKNOWN,,,,unknown,10,RSL 2026 PDF
JDLayD,jdlayd,MON PM — TUE AM,9:30am,The Sound Garden,,2:00 & E,08:00 PM – 11:00 AM,UNKNOWN,,,,unknown,10,RSL 2026 PDF
Mona Pirzad,mona pirzad,MON PM — TUE AM,4am,Venice Red Light,Red Light Therapy,2:00 & 2:00 B Plaza,04:00 AM – 12:00 PM,UNKNOWN,,,,unknown,10,RSL 2026 PDF
Volition,volition,MON PM — TUE AM,6am,Venice Red Light,Red Light Therapy,2:00 & 2:00 B Plaza,04:00 AM – 12:00 PM,UNKNOWN,,,,unknown,10,RSL 2026 PDF
Oba + Flip,oba + flip,MON PM — TUE AM,7:30am,Venice Red Light,Red Light Therapy,2:00 & 2:00 B Plaza,04:00 AM – 12:00 PM,UNKNOWN,,,,unknown,10,RSL 2026 PDF
Theiå,theiå,MON PM — TUE AM,9am,Venice Red Light,Red Light Therapy,2:00 & 2:00 B Plaza,04:00 AM – 12:00 PM,UNKNOWN,,,,unknown,10,RSL 2026 PDF
Augustine,augustine,MON PM — TUE AM,10:30am,Venice Red Light,Red Light Therapy,2:00 & 2:00 B Plaza,04:00 AM – 12:00 PM,UNKNOWN,,,,unknown,10,RSL 2026 PDF
&how,&how,MON PM — TUE AM,12pm,Waffles & House,,8:30 & C,12:00 PM – 01:30 PM,UNKNOWN,,,,unknown,10,RSL 2026 PDF
Fancypants,fancypants,MON PM — TUE AM,9am,Waffles & House,,8:30 & C,09:00 AM – 12:00 PM,UNKNOWN,,,,unknown,10,RSL 2026 PDF
Mr. Bold,mr. bold,MON PM — TUE AM,10:30am,Waffles & House,,8:30 & C,09:00 AM – 12:00 PM,UNKNOWN,,,,unknown,10,RSL 2026 PDF
jester,jester,MON PM — TUE AM,2pm,Zero Fucks,Gloryhole Manicures,9:30 & B,02:00 PM – 04:00 PM,UNKNOWN,,,,unknown,10,RSL 2026 PDF
sam drake,sam drake,MON PM — TUE AM,3pm,Zero Fucks,Gloryhole Manicures,9:30 & B,02:00 PM – 04:00 PM,UNKNOWN,,,,unknown,10,RSL 2026 PDF
Mr Noisy,mr noisy,TUE PM — WED AM,2pm,¡AXOLOTL! The Earth Guardian,4&F Neighborhood Block Party!,4:00 & F,02:00 PM – 05:30 PM,UNKNOWN,,,,unknown,11,RSL 2026 PDF
Camp AXO DJs,camp axo djs,TUE PM — WED AM,4pm,¡AXOLOTL! The Earth Guardian,4&F Neighborhood Block Party!,4:00 & F,02:00 PM – 05:30 PM,UNKNOWN,,,,unknown,11,RSL 2026 PDF
VLVT // PLSE,vlvt // plse,TUE PM — WED AM,9pm,¡AXOLOTL! The Earth Guardian,Bubbles and Bass Takeover,The Gothic Folly,09:00 PM – 01:30 AM,UNKNOWN,,,,unknown,11,RSL 2026 PDF
Black Panda,black panda,TUE PM — WED AM,10:30pm,¡AXOLOTL! The Earth Guardian,Bubbles and Bass Takeover,The Gothic Folly,09:00 PM – 01:30 AM,UNKNOWN,,,,unknown,11,RSL 2026 PDF
Kristin Lush,kristin lush,TUE PM — WED AM,12am,¡AXOLOTL! The Earth Guardian,Bubbles and Bass Takeover,The Gothic Folly,09:00 PM – 01:30 AM,UNKNOWN,,,,unknown,11,RSL 2026 PDF
Orbit and Rampue,orbit and rampue,TUE PM — WED AM,1am,¡AXOLOTL! The Earth Guardian,,Esplanade & 8:00,01:00 AM – 03:00 AM,UNKNOWN,,,,unknown,11,RSL 2026 PDF
Rampue / Orbit,rampue / orbit,TUE PM — WED AM,2am,¡AXOLOTL! The Earth Guardian,,Esplanade & 8:00,01:00 AM – 03:00 AM,UNKNOWN,,,,unknown,11,RSL 2026 PDF
M*Linss,m*linss,TUE PM — WED AM,3am,¡AXOLOTL! The Earth Guardian,Disorient Takeover,Above and Below,03:00 AM – 05:00 AM,UNKNOWN,,,,unknown,11,RSL 2026 PDF
Doin’ Us,doin’ us,TUE PM — WED AM,5am,¡AXOLOTL! The Earth Guardian,Disorient Takeover,Carnac 2026,05:00 AM – 07:00 AM,UNKNOWN,,,,unknown,11,RSL 2026 PDF
Sensanik,sensanik,TUE PM — WED AM,8am,¡AXOLOTL! The Earth Guardian,,2:00 & 2:00 B Plaza,08:00 AM – 12:00 PM,UNKNOWN,,,,unknown,11,RSL 2026 PDF
Marvin Yam,marvin yam,TUE PM — WED AM,10am,¡AXOLOTL! The Earth Guardian,,2:00 & 2:00 B Plaza,08:00 AM – 12:00 PM,UNKNOWN,,,,unknown,11,RSL 2026 PDF
Compass and Pink,compass and pink,TUE PM — WED AM,12pm,Alternative Energy Zone,KAEZ radio 96.3fm,3:30 & E,12:00 PM – 08:00 PM,UNKNOWN,,,,unknown,11,RSL 2026 PDF
Ramsey,ramsey,TUE PM — WED AM,2pm,Alternative Energy Zone,KAEZ radio 96.3fm,3:30 & E,12:00 PM – 08:00 PM,UNKNOWN,,,,unknown,11,RSL 2026 PDF
Fred,fred,TUE PM — WED AM,4pm,Alternative Energy Zone,KAEZ radio 96.3fm,3:30 & E,12:00 PM – 08:00 PM,UNKNOWN,,,,unknown,11,RSL 2026 PDF
Cos McBooty,cos mcbooty,TUE PM — WED AM,6pm,Alternative Energy Zone,KAEZ radio 96.3fm,3:30 & E,12:00 PM – 08:00 PM,UNKNOWN,,,,unknown,11,RSL 2026 PDF
Elevated Frequencies,elevated frequencies,TUE PM — WED AM,10am,Alternative Energy Zone,KAEZ radio 96.3fm,3:30 & E,10:00 AM – 12:00 PM,UNKNOWN,,,,unknown,11,RSL 2026 PDF
DJ Mojo,dj mojo,TUE PM — WED AM,4pm,Altitude Lounge,,B & 8:15,04:00 PM – 09:00 PM,UNKNOWN,,,,unknown,11,RSL 2026 PDF
Dready Mojo,dready mojo,TUE PM — WED AM,4:30pm,Altitude Lounge,,B & 8:15,04:00 PM – 09:00 PM,UNKNOWN,,,,unknown,11,RSL 2026 PDF
JustCJ,justcj,TUE PM — WED AM,5:30pm,Altitude Lounge,,B & 8:15,04:00 PM – 09:00 PM,UNKNOWN,,,,unknown,11,RSL 2026 PDF
Syd Gris,syd gris,TUE PM — WED AM,6:30pm,Altitude Lounge,,B & 8:15,04:00 PM – 09:00 PM,UNKNOWN,,,,unknown,11,RSL 2026 PDF
SISO,siso,TUE PM — WED AM,7:30pm,Altitude Lounge,,B & 8:15,04:00 PM – 09:00 PM,UNKNOWN,,,,unknown,11,RSL 2026 PDF
Razing Prophet,razing prophet,TUE PM — WED AM,8:30pm,Astral Lab,Extended Sets - Razing Prophet,10:00 & F,08:30 PM – 08:30 AM,UNKNOWN,,,,unknown,11,RSL 2026 PDF
BAAAHS DJs,baaahs djs,TUE PM — WED AM,9pm,BAAAHS,C&J x BAAAHS Block Party,7:00 & E,09:00 PM – 01:00 AM,UNKNOWN,,,,unknown,11,RSL 2026 PDF
Deadmau5,deadmau5,TUE PM — WED AM,1am,BAAAHS,Random Playa Party,Trash Fence,01:00 AM – 07:00 AM,UNKNOWN,,,,unknown,11,RSL 2026 PDF
Farin,farin,TUE PM — WED AM,5pm,Best Butt,Leopard Lounge x Booty Hour,B & 8:45,05:00 PM – 07:00 PM,UNKNOWN,,,,unknown,11,RSL 2026 PDF
Double Touch x Justin Belcher,double touch x justin belcher,TUE PM — WED AM,7:30pm,BiPolar Express 1,,Apotheneum,07:30 PM – 11:00 PM,UNKNOWN,,,,unknown,11,RSL 2026 PDF
Natipitch x Justin Belcher,natipitch x justin belcher,TUE PM — WED AM,9:30pm,BiPolar Express 1,,Apotheneum,07:30 PM – 11:00 PM,UNKNOWN,,,,unknown,11,RSL 2026 PDF
Carte Blanche,carte blanche,TUE PM — WED AM,12pm,Black Rock Travel Agency,ShoutingFire/Radio Electra 99.5,Airport Road,12:00 PM – 11:00 PM,UNKNOWN,,,,unknown,11,RSL 2026 PDF
Reverend Moon,reverend moon,TUE PM — WED AM,1pm,Black Rock Travel Agency,ShoutingFire/Radio Electra 99.5,Airport Road,12:00 PM – 11:00 PM,UNKNOWN,,,,unknown,11,RSL 2026 PDF
Aeion Solars,aeion solars,TUE PM — WED AM,6pm,Black Rock Travel Agency,ShoutingFire/Radio Electra 99.5,Airport Road,12:00 PM – 11:00 PM,UNKNOWN,,,,unknown,11,RSL 2026 PDF
Spaxterzone!,spaxterzone!,TUE PM — WED AM,9pm,Black Rock Travel Agency,ShoutingFire/Radio Electra 99.5,Airport Road,12:00 PM – 11:00 PM,UNKNOWN,,,,unknown,11,RSL 2026 PDF
Unkl Vic,unkl vic,TUE PM — WED AM,10pm,Black Rock Travel Agency,ShoutingFire/Radio Electra 99.5,Airport Road,12:00 PM – 11:00 PM,UNKNOWN,,,,unknown,11,RSL 2026 PDF
Alien Worlds,alien worlds,TUE PM — WED AM,12am,Black Rock Travel Agency,ShoutingFire/Radio Electra 99.5,Airport Road,12:00 AM – 12:00 PM,UNKNOWN,,,,unknown,11,RSL 2026 PDF
Unkl Vic,unkl vic,TUE PM — WED AM,8am,Black Rock Travel Agency,ShoutingFire/Radio Electra 99.5,Airport Road,12:00 AM – 12:00 PM,UNKNOWN,,,,unknown,11,RSL 2026 PDF
Interrupt,interrupt,TUE PM — WED AM,12pm,BMIR,94.5 FM The Voice of the Man,Esplanade & 5:45,12:00 PM – 12:00 AM,UNKNOWN,,,,unknown,11,RSL 2026 PDF
Will Chase,will chase,TUE PM — WED AM,2pm,BMIR,94.5 FM The Voice of the Man,Esplanade & 5:45,12:00 PM – 12:00 AM,UNKNOWN,,,,unknown,11,RSL 2026 PDF
Moldover,moldover,TUE PM — WED AM,4pm,BMIR,94.5 FM The Voice of the Man,Esplanade & 5:45,12:00 PM – 12:00 AM,UNKNOWN,,,,unknown,11,RSL 2026 PDF
Sidequest,sidequest,TUE PM — WED AM,6pm,BMIR,94.5 FM The Voice of the Man,Esplanade & 5:45,12:00 PM – 12:00 AM,UNKNOWN,,,,unknown,11,RSL 2026 PDF
Only Bangers,only bangers,TUE PM — WED AM,8pm,BMIR,94.5 FM The Voice of the Man,Esplanade & 5:45,12:00 PM – 12:00 AM,UNKNOWN,,,,unknown,11,RSL 2026 PDF
Organism,organism,TUE PM — WED AM,10pm,BMIR,94.5 FM The Voice of the Man,Esplanade & 5:45,12:00 PM – 12:00 AM,UNKNOWN,,,,unknown,11,RSL 2026 PDF
4Day,4day,TUE PM — WED AM,12am,BMIR,94.5 FM The Voice of the Man,Esplanade & 5:45,12:00 AM – 12:00 PM,UNKNOWN,,,,unknown,12,RSL 2026 PDF
Whitefish,whitefish,TUE PM — WED AM,2am,BMIR,94.5 FM The Voice of the Man,Esplanade & 5:45,12:00 AM – 12:00 PM,UNKNOWN,,,,unknown,12,RSL 2026 PDF
DAWdust,dawdust,TUE PM — WED AM,4am,BMIR,94.5 FM The Voice of the Man,Esplanade & 5:45,12:00 AM – 12:00 PM,UNKNOWN,,,,unknown,12,RSL 2026 PDF
Tango,tango,TUE PM — WED AM,6am,BMIR,94.5 FM The Voice of the Man,Esplanade & 5:45,12:00 AM – 12:00 PM,UNKNOWN,,,,unknown,12,RSL 2026 PDF
Actiongrl,actiongrl,TUE PM — WED AM,8am,BMIR,94.5 FM The Voice of the Man,Esplanade & 5:45,12:00 AM – 12:00 PM,UNKNOWN,,,,unknown,12,RSL 2026 PDF
Burger Pockets,burger pockets,TUE PM — WED AM,10am,BMIR,94.5 FM The Voice of the Man,Esplanade & 5:45,12:00 AM – 12:00 PM,UNKNOWN,,,,unknown,12,RSL 2026 PDF
Todd Spero,todd spero,TUE PM — WED AM,12pm,Bubble Lounge,,7:30 B Plaza @ 3:45,12:00 PM – 08:00 PM,UNKNOWN,,,,unknown,12,RSL 2026 PDF
Philip Evans,philip evans,TUE PM — WED AM,2pm,Bubble Lounge,,7:30 B Plaza @ 3:45,12:00 PM – 08:00 PM,UNKNOWN,,,,unknown,12,RSL 2026 PDF
Don Gentry,don gentry,TUE PM — WED AM,4pm,Bubble Lounge,,7:30 B Plaza @ 3:45,12:00 PM – 08:00 PM,UNKNOWN,,,,unknown,12,RSL 2026 PDF
Poston,poston,TUE PM — WED AM,6pm,Bubble Lounge,,7:30 B Plaza @ 3:45,12:00 PM – 08:00 PM,UNKNOWN,,,,unknown,12,RSL 2026 PDF
Titanic Ends line up,titanic ends line up,TUE PM — WED AM,10pm,Camp Bangers Only,Mai Tais & Mocktails TE takeover,10:00 & E,10:00 PM – 06:00 AM,UNKNOWN,,,,unknown,12,RSL 2026 PDF
Big Joe Daddy,big joe daddy,TUE PM — WED AM,8pm,Camp Kinetic,,3:00 & E,08:00 PM – 12:00 AM,UNKNOWN,,,,unknown,12,RSL 2026 PDF
Bell Ringer,bell ringer,TUE PM — WED AM,9pm,Camp Kinetic,,3:00 & E,08:00 PM – 12:00 AM,UNKNOWN,,,,unknown,12,RSL 2026 PDF
Heavenly Father,heavenly father,TUE PM — WED AM,10pm,Camp Kinetic,,3:00 & E,08:00 PM – 12:00 AM,UNKNOWN,,,,unknown,12,RSL 2026 PDF
Zapper,zapper,TUE PM — WED AM,11pm,Camp Kinetic,,3:00 & E,08:00 PM – 12:00 AM,UNKNOWN,,,,unknown,12,RSL 2026 PDF
M3M0,m3m0,TUE PM — WED AM,6pm,Camp LandHO!,,2:00 & E,06:00 PM – 06:30 AM,UNKNOWN,,,,unknown,12,RSL 2026 PDF
CHEETATAH,cheetatah,TUE PM — WED AM,7:30pm,Camp LandHO!,,2:00 & E,06:00 PM – 06:30 AM,UNKNOWN,,,,unknown,12,RSL 2026 PDF
VLVT // PLSE,vlvt // plse,TUE PM — WED AM,9pm,Camp LandHO!,,2:00 & E,06:00 PM – 06:30 AM,UNKNOWN,,,,unknown,12,RSL 2026 PDF
Extraterrestrial Cabaret,extraterrestrial cabaret,TUE PM — WED AM,10:30pm,Camp LandHO!,,2:00 & E,06:00 PM – 06:30 AM,UNKNOWN,,,,unknown,12,RSL 2026 PDF
Go South,go south,TUE PM — WED AM,12am,Camp LandHO!,,2:00 & E,06:00 PM – 06:30 AM,UNKNOWN,,,,unknown,12,RSL 2026 PDF
Greggio,greggio,TUE PM — WED AM,1:30am,Camp LandHO!,,2:00 & E,06:00 PM – 06:30 AM,UNKNOWN,,,,unknown,12,RSL 2026 PDF
SIB,sib,TUE PM — WED AM,3am,Camp LandHO!,,2:00 & E,06:00 PM – 06:30 AM,UNKNOWN,,,,unknown,12,RSL 2026 PDF
Amour Propre,amour propre,TUE PM — WED AM,4:30am,Camp LandHO!,,2:00 & E,06:00 PM – 06:30 AM,UNKNOWN,,,,unknown,12,RSL 2026 PDF
"Daydream, Land Ho! & Polaris artists","daydream, land ho! & polaris artists",TUE PM — WED AM,6pm,Christina: Queen of the BRC,"with POLARIS, HUBS family gather",Esplanade & 2:30,06:00 PM – 02:00 AM,UNKNOWN,,,,unknown,12,RSL 2026 PDF
Lidiya,lidiya,TUE PM — WED AM,10pm,Christina: Queen of the BRC,"with POLARIS, HUBS family gather",Esplanade & 2:30,06:00 PM – 02:00 AM,UNKNOWN,,,,unknown,12,RSL 2026 PDF
Seth Schwarz,seth schwarz,TUE PM — WED AM,12am,Christina: Queen of the BRC,"with POLARIS, HUBS family gather",Esplanade & 2:30,06:00 PM – 02:00 AM,UNKNOWN,,,,unknown,12,RSL 2026 PDF
Atin,atin,TUE PM — WED AM,4pm,Cuddle Oasis,,Esplanade & 2:30,04:00 PM – 09:00 PM,UNKNOWN,,,,unknown,12,RSL 2026 PDF
Elan Schnider,elan schnider,TUE PM — WED AM,6pm,Cuddle Oasis,,Esplanade & 2:30,04:00 PM – 09:00 PM,UNKNOWN,,,,unknown,12,RSL 2026 PDF
Millad,millad,TUE PM — WED AM,7:30pm,Cuddle Oasis,,Esplanade & 2:30,04:00 PM – 09:00 PM,UNKNOWN,,,,unknown,12,RSL 2026 PDF
Noumena,noumena,TUE PM — WED AM,9pm,Cuddle Oasis,Cuddle Oasis x Love Cartel,Esplanade & 2:30,09:00 PM – 02:30 AM,UNKNOWN,,,,unknown,12,RSL 2026 PDF
Reo b2b Hooolia,reo b2b hooolia,TUE PM — WED AM,10pm,Cuddle Oasis,Cuddle Oasis x Love Cartel,Esplanade & 2:30,09:00 PM – 02:30 AM,UNKNOWN,,,,unknown,12,RSL 2026 PDF
Kina b2b Moni,kina b2b moni,TUE PM — WED AM,11pm,Cuddle Oasis,Cuddle Oasis x Love Cartel,Esplanade & 2:30,09:00 PM – 02:30 AM,UNKNOWN,,,,unknown,12,RSL 2026 PDF
Gilarden,gilarden,TUE PM — WED AM,12am,Cuddle Oasis,Cuddle Oasis x Love Cartel,Esplanade & 2:30,09:00 PM – 02:30 AM,UNKNOWN,,,,unknown,12,RSL 2026 PDF
Sagmo,sagmo,TUE PM — WED AM,1am,Cuddle Oasis,Cuddle Oasis x Love Cartel,Esplanade & 2:30,09:00 PM – 02:30 AM,UNKNOWN,,,,unknown,12,RSL 2026 PDF
ONNIX,onnix,TUE PM — WED AM,1pm,DeMentha,"Mojitos, Music, Mist",3:00 Portal & A,01:00 PM – 06:00 PM,UNKNOWN,,,,unknown,12,RSL 2026 PDF
Kohbain,kohbain,TUE PM — WED AM,2pm,DeMentha,"Mojitos, Music, Mist",3:00 Portal & A,01:00 PM – 06:00 PM,UNKNOWN,,,,unknown,12,RSL 2026 PDF
OGAN,ogan,TUE PM — WED AM,3pm,DeMentha,"Mojitos, Music, Mist",3:00 Portal & A,01:00 PM – 06:00 PM,UNKNOWN,,,,unknown,12,RSL 2026 PDF
Bobby Lyte,bobby lyte,TUE PM — WED AM,4pm,DeMentha,"Mojitos, Music, Mist",3:00 Portal & A,01:00 PM – 06:00 PM,UNKNOWN,,,,unknown,12,RSL 2026 PDF
OBER,ober,TUE PM — WED AM,5pm,DeMentha,"Mojitos, Music, Mist",3:00 Portal & A,01:00 PM – 06:00 PM,UNKNOWN,,,,unknown,12,RSL 2026 PDF
Kiran,kiran,TUE PM — WED AM,8pm,Deoxidized,,2:00 & D,08:00 PM – 03:00 AM,UNKNOWN,,,,unknown,12,RSL 2026 PDF
Ramzi,ramzi,TUE PM — WED AM,9pm,Deoxidized,,2:00 & D,08:00 PM – 03:00 AM,UNKNOWN,,,,unknown,12,RSL 2026 PDF
Lost Desert,lost desert,TUE PM — WED AM,10:30pm,Deoxidized,,2:00 & D,08:00 PM – 03:00 AM,UNKNOWN,,,,unknown,12,RSL 2026 PDF
POMBOKLAP,pomboklap,TUE PM — WED AM,12am,Deoxidized,,2:00 & D,08:00 PM – 03:00 AM,UNKNOWN,,,,unknown,12,RSL 2026 PDF
Ruxputin,ruxputin,TUE PM — WED AM,1:30am,Deoxidized,,2:00 & D,08:00 PM – 03:00 AM,UNKNOWN,,,,unknown,12,RSL 2026 PDF
DJ Jericho Fresco,dj jericho fresco,TUE PM — WED AM,2:30pm,Disorient,,Esplanade & 8:00,02:30 PM – 03:00 AM,UNKNOWN,,,,unknown,12,RSL 2026 PDF
HUMO BLANCO,humo blanco,TUE PM — WED AM,4pm,Disorient,,Esplanade & 8:00,02:30 PM – 03:00 AM,UNKNOWN,,,,unknown,12,RSL 2026 PDF
Augustine,augustine,TUE PM — WED AM,5pm,Disorient,,Esplanade & 8:00,02:30 PM – 03:00 AM,UNKNOWN,,,,unknown,12,RSL 2026 PDF
DJ Durry,dj durry,TUE PM — WED AM,7pm,Disorient,,Esplanade & 8:00,02:30 PM – 03:00 AM,UNKNOWN,,,,unknown,12,RSL 2026 PDF
Oba + Flip,oba + flip,TUE PM — WED AM,9pm,Disorient,,Esplanade & 8:00,02:30 PM – 03:00 AM,UNKNOWN,,,,unknown,12,RSL 2026 PDF
Adaamar,adaamar,TUE PM — WED AM,11pm,Disorient,,Esplanade & 8:00,02:30 PM – 03:00 AM,UNKNOWN,,,,unknown,12,RSL 2026 PDF
Rampue / Orbit,rampue / orbit,TUE PM — WED AM,1am,Disorient,,Esplanade & 8:00,02:30 PM – 03:00 AM,UNKNOWN,,,,unknown,12,RSL 2026 PDF
Subsoniq b2b Mad,subsoniq b2b mad,TUE PM — WED AM,7pm,Dust Slug,The Great Beyond Party,F & 8:45,07:00 PM – 12:00 AM,UNKNOWN,,,,unknown,12,RSL 2026 PDF
Dani Soul,dani soul,TUE PM — WED AM,8pm,Dust Slug,The Great Beyond Party,F & 8:45,07:00 PM – 12:00 AM,UNKNOWN,,,,unknown,12,RSL 2026 PDF
Gaeb,gaeb,TUE PM — WED AM,9:30pm,Dust Slug,The Great Beyond Party,F & 8:45,07:00 PM – 12:00 AM,UNKNOWN,,,,unknown,12,RSL 2026 PDF
Kobe b2b Krüz,kobe b2b krüz,TUE PM — WED AM,11pm,Dust Slug,The Great Beyond Party,F & 8:45,07:00 PM – 12:00 AM,UNKNOWN,,,,unknown,12,RSL 2026 PDF
Neuromancer,neuromancer,TUE PM — WED AM,8pm,Emergence with BuddhaLounge,Deep Tribal House Music,10:00 & G,08:00 PM – 01:00 AM,UNKNOWN,,,,unknown,12,RSL 2026 PDF
Amanda Gaez,amanda gaez,TUE PM — WED AM,9pm,Emergence with BuddhaLounge,Deep Tribal House Music,10:00 & G,08:00 PM – 01:00 AM,UNKNOWN,,,,unknown,12,RSL 2026 PDF
Buddha Bass,buddha bass,TUE PM — WED AM,11pm,Emergence with BuddhaLounge,Deep Tribal House Music,10:00 & G,08:00 PM – 01:00 AM,UNKNOWN,,,,unknown,12,RSL 2026 PDF
Ricky Sizzle,ricky sizzle,TUE PM — WED AM,1pm,Extinct Oasis,,B & 8:45,01:00 PM – 06:00 PM,UNKNOWN,,,,unknown,13,RSL 2026 PDF
Casa Chic,casa chic,TUE PM — WED AM,2:30pm,Extinct Oasis,,B & 8:45,01:00 PM – 06:00 PM,UNKNOWN,,,,unknown,13,RSL 2026 PDF
Double Jointed,double jointed,TUE PM — WED AM,4pm,Extinct Oasis,,B & 8:45,01:00 PM – 06:00 PM,UNKNOWN,,,,unknown,13,RSL 2026 PDF
Gonze,gonze,TUE PM — WED AM,4pm,Funky Town,Aloha Get Down,10:00 & D,04:00 PM – 12:15 AM,UNKNOWN,,,,unknown,13,RSL 2026 PDF
Jungle Jess,jungle jess,TUE PM — WED AM,5pm,Funky Town,Aloha Get Down,10:00 & D,04:00 PM – 12:15 AM,UNKNOWN,,,,unknown,13,RSL 2026 PDF
Brandoh,brandoh,TUE PM — WED AM,6pm,Funky Town,Aloha Get Down,10:00 & D,04:00 PM – 12:15 AM,UNKNOWN,,,,unknown,13,RSL 2026 PDF
Jean Jacque,jean jacque,TUE PM — WED AM,7pm,Funky Town,Aloha Get Down,10:00 & D,04:00 PM – 12:15 AM,UNKNOWN,,,,unknown,13,RSL 2026 PDF
Baby Cakes,baby cakes,TUE PM — WED AM,8:15pm,Funky Town,Aloha Get Down,10:00 & D,04:00 PM – 12:15 AM,UNKNOWN,,,,unknown,13,RSL 2026 PDF
Tropic Bomba,tropic bomba,TUE PM — WED AM,9:30pm,Funky Town,Aloha Get Down,10:00 & D,04:00 PM – 12:15 AM,UNKNOWN,,,,unknown,13,RSL 2026 PDF
Miko Franconi,miko franconi,TUE PM — WED AM,10:45pm,Funky Town,Aloha Get Down,10:00 & D,04:00 PM – 12:15 AM,UNKNOWN,,,,unknown,13,RSL 2026 PDF
Erik Lohr,erik lohr,TUE PM — WED AM,4am,Funky Town,,10:00 & D,04:00 AM – 08:00 AM,UNKNOWN,,,,unknown,13,RSL 2026 PDF
Edward Frame,edward frame,TUE PM — WED AM,9pm,Glamcocks,Candy! Lollipops & sweet beats,7:00 & D,09:00 PM – 12:00 AM,UNKNOWN,,,,unknown,13,RSL 2026 PDF
Joey with the Mustache,joey with the mustache,TUE PM — WED AM,10pm,Glamcocks,Candy! Lollipops & sweet beats,7:00 & D,09:00 PM – 12:00 AM,UNKNOWN,,,,unknown,13,RSL 2026 PDF
Denton,denton,TUE PM — WED AM,11pm,Glamcocks,Candy! Lollipops & sweet beats,7:00 & D,09:00 PM – 12:00 AM,UNKNOWN,,,,unknown,13,RSL 2026 PDF
Jyoshy,jyoshy,TUE PM — WED AM,2pm,Hookahdome,Inside the Dome- Intimate & Live,Esplanade & 4:15,02:00 PM – 05:00 PM,UNKNOWN,,,,unknown,13,RSL 2026 PDF
Lola Jak,lola jak,TUE PM — WED AM,4pm,Hookahdome,Inside the Dome- Intimate & Live,Esplanade & 4:15,02:00 PM – 05:00 PM,UNKNOWN,,,,unknown,13,RSL 2026 PDF
Kosmic Lovers,kosmic lovers,TUE PM — WED AM,9pm,Hookahdome,"Bouncy Bass, Dubstep, and DNB",Esplanade & 4:15,09:00 PM – 06:00 AM,UNKNOWN,,,,unknown,13,RSL 2026 PDF
Disco Pickles,disco pickles,TUE PM — WED AM,10pm,Hookahdome,"Bouncy Bass, Dubstep, and DNB",Esplanade & 4:15,09:00 PM – 06:00 AM,UNKNOWN,,,,unknown,13,RSL 2026 PDF
&how,&how,TUE PM — WED AM,11pm,Hookahdome,"Bouncy Bass, Dubstep, and DNB",Esplanade & 4:15,09:00 PM – 06:00 AM,UNKNOWN,,,,unknown,13,RSL 2026 PDF
The Playa Devil,the playa devil,TUE PM — WED AM,12am,Hookahdome,"Bouncy Bass, Dubstep, and DNB",Esplanade & 4:15,09:00 PM – 06:00 AM,UNKNOWN,,,,unknown,13,RSL 2026 PDF
Silkworm,silkworm,TUE PM — WED AM,1am,Hookahdome,"Bouncy Bass, Dubstep, and DNB",Esplanade & 4:15,09:00 PM – 06:00 AM,UNKNOWN,,,,unknown,13,RSL 2026 PDF
DJ tba (Trevor Blake Anderson),dj tba (trevor blake anderson),TUE PM — WED AM,2am,Hookahdome,"Bouncy Bass, Dubstep, and DNB",Esplanade & 4:15,09:00 PM – 06:00 AM,UNKNOWN,,,,unknown,13,RSL 2026 PDF
Slate,slate,TUE PM — WED AM,3am,Hookahdome,"Bouncy Bass, Dubstep, and DNB",Esplanade & 4:15,09:00 PM – 06:00 AM,UNKNOWN,,,,unknown,13,RSL 2026 PDF
Niall Augustine,niall augustine,TUE PM — WED AM,4am,Hookahdome,"Bouncy Bass, Dubstep, and DNB",Esplanade & 4:15,09:00 PM – 06:00 AM,UNKNOWN,,,,unknown,13,RSL 2026 PDF
Bim Tim,bim tim,TUE PM — WED AM,5am,Hookahdome,"Bouncy Bass, Dubstep, and DNB",Esplanade & 4:15,09:00 PM – 06:00 AM,UNKNOWN,,,,unknown,13,RSL 2026 PDF
Subaquaria,subaquaria,TUE PM — WED AM,2pm,Hotline Camp,Confessions & Cocktails,A & 8:15,02:00 PM – 07:30 PM,UNKNOWN,,,,unknown,13,RSL 2026 PDF
Gabi b2b Sasta,gabi b2b sasta,TUE PM — WED AM,3pm,Hotline Camp,Confessions & Cocktails,A & 8:15,02:00 PM – 07:30 PM,UNKNOWN,,,,unknown,13,RSL 2026 PDF
Saga,saga,TUE PM — WED AM,5pm,Hotline Camp,Confessions & Cocktails,A & 8:15,02:00 PM – 07:30 PM,UNKNOWN,,,,unknown,13,RSL 2026 PDF
DJ Barb,dj barb,TUE PM — WED AM,6pm,Hotline Camp,Confessions & Cocktails,A & 8:15,02:00 PM – 07:30 PM,UNKNOWN,,,,unknown,13,RSL 2026 PDF
Wronski,wronski,TUE PM — WED AM,9pm,Illuminaughty,Steal the Moon,9:00 G Plaza @ 11:00,09:00 PM – 11:30 PM,UNKNOWN,,,,unknown,13,RSL 2026 PDF
Joanna Magik,joanna magik,TUE PM — WED AM,10pm,Illuminaughty,Steal the Moon,9:00 G Plaza @ 11:00,09:00 PM – 11:30 PM,UNKNOWN,,,,unknown,13,RSL 2026 PDF
Cryss,cryss,TUE PM — WED AM,4pm,Jail of Hedone,,6:30 & E,04:00 PM – 08:00 PM,UNKNOWN,,,,unknown,13,RSL 2026 PDF
BRKxBRK,brkxbrk,TUE PM — WED AM,5pm,Jail of Hedone,,6:30 & E,04:00 PM – 08:00 PM,UNKNOWN,,,,unknown,13,RSL 2026 PDF
Franccesco Cardenas,franccesco cardenas,TUE PM — WED AM,6:30pm,Jail of Hedone,,6:30 & E,04:00 PM – 08:00 PM,UNKNOWN,,,,unknown,13,RSL 2026 PDF
DJ Gonza,dj gonza,TUE PM — WED AM,1:30pm,Lands Beyond,Michelada Bacchanalia,F & 8:45,12:00 PM – 03:30 PM,UNKNOWN,,,,unknown,13,RSL 2026 PDF
5MoXo,5moxo,TUE PM — WED AM,11:30am,Lands Beyond,Michelada Bacchanalia,F & 8:45,11:30 AM – 12:00 PM,UNKNOWN,,,,unknown,13,RSL 2026 PDF
Locxito,locxito,TUE PM — WED AM,9pm,Mad Tea(se) Party,"Dark, Victorian Circus Party",Esplanade & 7:15,09:00 PM – 12:00 AM,UNKNOWN,,,,unknown,13,RSL 2026 PDF
I.S.H,i.s.h,TUE PM — WED AM,10pm,Mad Tea(se) Party,"Dark, Victorian Circus Party",Esplanade & 7:15,09:00 PM – 12:00 AM,UNKNOWN,,,,unknown,13,RSL 2026 PDF
Chris Tower,chris tower,TUE PM — WED AM,11pm,Mad Tea(se) Party,"Dark, Victorian Circus Party",Esplanade & 7:15,09:00 PM – 12:00 AM,UNKNOWN,,,,unknown,13,RSL 2026 PDF
Sasi,sasi,TUE PM — WED AM,11pm,Midnight Roast,"Progressive, Psytechno, Techno",2:00 & C,11:00 PM – 08:00 AM,UNKNOWN,,,,unknown,13,RSL 2026 PDF
Poston,poston,TUE PM — WED AM,1am,Midnight Roast,"Progressive, Psytechno, Techno",2:00 & C,11:00 PM – 08:00 AM,UNKNOWN,,,,unknown,13,RSL 2026 PDF
Josh Forster,josh forster,TUE PM — WED AM,3:30am,Midnight Roast,"Progressive, Psytechno, Techno",2:00 & C,11:00 PM – 08:00 AM,UNKNOWN,,,,unknown,13,RSL 2026 PDF
Special Guest (Sunrise),special guest (sunrise),TUE PM — WED AM,5:30am,Midnight Roast,"Progressive, Psytechno, Techno",2:00 & C,11:00 PM – 08:00 AM,UNKNOWN,,,,unknown,13,RSL 2026 PDF
Mighty Misfit Camp DJs,mighty misfit camp djs,TUE PM — WED AM,2:30pm,Mighty Misfits,Toga Party,2:30 & D,02:30 PM – 07:30 PM,UNKNOWN,,,,unknown,13,RSL 2026 PDF
Îzma,îzma,TUE PM — WED AM,6pm,MindShark,Funky Disco,Esplanade & 3:00 Portal,06:00 PM – 08:00 AM,UNKNOWN,,,,unknown,13,RSL 2026 PDF
ROOF,roof,TUE PM — WED AM,8:30pm,MindShark,Funky Disco,Esplanade & 3:00 Portal,06:00 PM – 08:00 AM,UNKNOWN,,,,unknown,13,RSL 2026 PDF
BRK×BRK,brk×brk,TUE PM — WED AM,10pm,MindShark,Funky Disco,Esplanade & 3:00 Portal,06:00 PM – 08:00 AM,UNKNOWN,,,,unknown,13,RSL 2026 PDF
Andrea Castells,andrea castells,TUE PM — WED AM,12am,MindShark,Funky Disco,Esplanade & 3:00 Portal,06:00 PM – 08:00 AM,UNKNOWN,,,,unknown,13,RSL 2026 PDF
JEHNEE,jehnee,TUE PM — WED AM,1:30am,MindShark,Funky Disco,Esplanade & 3:00 Portal,06:00 PM – 08:00 AM,UNKNOWN,,,,unknown,13,RSL 2026 PDF
Melissa Dust,melissa dust,TUE PM — WED AM,3am,MindShark,Funky Disco,Esplanade & 3:00 Portal,06:00 PM – 08:00 AM,UNKNOWN,,,,unknown,13,RSL 2026 PDF
The Boogie Sisters,the boogie sisters,TUE PM — WED AM,3:45am,MindShark,Funky Disco,Esplanade & 3:00 Portal,06:00 PM – 08:00 AM,UNKNOWN,,,,unknown,13,RSL 2026 PDF
MILLAD,millad,TUE PM — WED AM,4:30am,MindShark,Funky Disco,Esplanade & 3:00 Portal,06:00 PM – 08:00 AM,UNKNOWN,,,,unknown,13,RSL 2026 PDF
Breauxx,breauxx,TUE PM — WED AM,6am,MindShark,Funky Disco,Esplanade & 3:00 Portal,06:00 PM – 08:00 AM,UNKNOWN,,,,unknown,13,RSL 2026 PDF
Local Honey,local honey,TUE PM — WED AM,10:30pm,Mystic Flyer Experience,,Fire Circle,10:30 PM – 04:30 AM,UNKNOWN,,,,unknown,14,RSL 2026 PDF
EVA BLU,eva blu,TUE PM — WED AM,12am,Mystic Flyer Experience,,Fire Circle,10:30 PM – 04:30 AM,UNKNOWN,,,,unknown,14,RSL 2026 PDF
_nophones,_nophones,TUE PM — WED AM,1:30am,Mystic Flyer Experience,,Fire Circle,10:30 PM – 04:30 AM,UNKNOWN,,,,unknown,14,RSL 2026 PDF
Museus,museus,TUE PM — WED AM,3am,Mystic Flyer Experience,,Fire Circle,10:30 PM – 04:30 AM,UNKNOWN,,,,unknown,14,RSL 2026 PDF
Andy Shaw,andy shaw,TUE PM — WED AM,8pm,Never Sleep Again,Night bloom happy hour,8:30 & F,08:00 PM – 01:30 AM,UNKNOWN,,,,unknown,14,RSL 2026 PDF
Fear the Youth,fear the youth,TUE PM — WED AM,9pm,Never Sleep Again,Night bloom happy hour,8:30 & F,08:00 PM – 01:30 AM,UNKNOWN,,,,unknown,14,RSL 2026 PDF
The Golden One,the golden one,TUE PM — WED AM,10:30pm,Never Sleep Again,Night bloom happy hour,8:30 & F,08:00 PM – 01:30 AM,UNKNOWN,,,,unknown,14,RSL 2026 PDF
Mario Lui,mario lui,TUE PM — WED AM,12am,Never Sleep Again,Night bloom happy hour,8:30 & F,08:00 PM – 01:30 AM,UNKNOWN,,,,unknown,14,RSL 2026 PDF
Philou,philou,TUE PM — WED AM,11pm,Nova,"Trion, Forest House link up",Nova,11:00 PM – 08:00 AM,UNKNOWN,,,,unknown,14,RSL 2026 PDF
Roy Rosenfeld b2b Vanjee,roy rosenfeld b2b vanjee,TUE PM — WED AM,12:30am,Nova,"Trion, Forest House link up",Nova,11:00 PM – 08:00 AM,UNKNOWN,,,,unknown,14,RSL 2026 PDF
LP Giobbi,lp giobbi,TUE PM — WED AM,2:30am,Nova,"Trion, Forest House link up",Nova,11:00 PM – 08:00 AM,UNKNOWN,,,,unknown,14,RSL 2026 PDF
Rafael,rafael,TUE PM — WED AM,4am,Nova,"Trion, Forest House link up",Nova,11:00 PM – 08:00 AM,UNKNOWN,,,,unknown,14,RSL 2026 PDF
Galactivators,galactivators,TUE PM — WED AM,4pm,Off the Dome,GalactivatorsFreestyleExperience,Esplanade & 7:15,04:00 PM – 05:00 PM,UNKNOWN,,,,unknown,14,RSL 2026 PDF
Thiccboi Drewski,thiccboi drewski,TUE PM — WED AM,9pm,Opulent Temple,Energy Mundi,Esplanade & 10:00,09:00 PM – 05:30 AM,UNKNOWN,,,,unknown,14,RSL 2026 PDF
Just B,just b,TUE PM — WED AM,10:15pm,Opulent Temple,Energy Mundi,Esplanade & 10:00,09:00 PM – 05:30 AM,UNKNOWN,,,,unknown,14,RSL 2026 PDF
Infected Mushroom (Live),infected mushroom (live),TUE PM — WED AM,11:30pm,Opulent Temple,Energy Mundi,Esplanade & 10:00,09:00 PM – 05:30 AM,UNKNOWN,,,,unknown,14,RSL 2026 PDF
Infected Mushroom (DJ Set),infected mushroom (dj set),TUE PM — WED AM,1:15am,Opulent Temple,Energy Mundi,Esplanade & 10:00,09:00 PM – 05:30 AM,UNKNOWN,,,,unknown,14,RSL 2026 PDF
Speaker Honey,speaker honey,TUE PM — WED AM,2:45am,Opulent Temple,Energy Mundi,Esplanade & 10:00,09:00 PM – 05:30 AM,UNKNOWN,,,,unknown,14,RSL 2026 PDF
DJ Icon,dj icon,TUE PM — WED AM,4am,Opulent Temple,Energy Mundi,Esplanade & 10:00,09:00 PM – 05:30 AM,UNKNOWN,,,,unknown,14,RSL 2026 PDF
Saucy,saucy,TUE PM — WED AM,2pm,Paper Cranes,PB & Jams (Smooth Jams),B & 8:15,02:00 PM – 04:00 PM,UNKNOWN,,,,unknown,14,RSL 2026 PDF
RA,ra,TUE PM — WED AM,3pm,Paper Cranes,PB & Jams (Smooth Jams),B & 8:15,02:00 PM – 04:00 PM,UNKNOWN,,,,unknown,14,RSL 2026 PDF
Noel,noel,TUE PM — WED AM,9pm,Pink Ponies,Queer Neighborhood Block Party,7:00 & F,09:00 PM – 12:00 AM,UNKNOWN,,,,unknown,14,RSL 2026 PDF
Aspirin,aspirin,TUE PM — WED AM,10:30pm,Pink Ponies,Queer Neighborhood Block Party,7:00 & F,09:00 PM – 12:00 AM,UNKNOWN,,,,unknown,14,RSL 2026 PDF
Astronominal,astronominal,TUE PM — WED AM,4pm,Raccoons,HUB annual chaos gathering,6:00 & F,04:00 PM – 12:00 AM,UNKNOWN,,,,unknown,14,RSL 2026 PDF
Mathias,mathias,TUE PM — WED AM,6pm,Raccoons,HUB annual chaos gathering,6:00 & F,04:00 PM – 12:00 AM,UNKNOWN,,,,unknown,14,RSL 2026 PDF
Onelife,onelife,TUE PM — WED AM,8pm,Raccoons,HUB annual chaos gathering,6:00 & F,04:00 PM – 12:00 AM,UNKNOWN,,,,unknown,14,RSL 2026 PDF
Zilkha,zilkha,TUE PM — WED AM,10pm,Raccoons,HUB annual chaos gathering,6:00 & F,04:00 PM – 12:00 AM,UNKNOWN,,,,unknown,14,RSL 2026 PDF
Serapher,serapher,TUE PM — WED AM,3pm,Rippers Row,Three to Three at Three,3:00 Portal & A,03:00 PM – 03:00 AM,UNKNOWN,,,,unknown,14,RSL 2026 PDF
Brett David,brett david,TUE PM — WED AM,4:30pm,Rippers Row,Three to Three at Three,3:00 Portal & A,03:00 PM – 03:00 AM,UNKNOWN,,,,unknown,14,RSL 2026 PDF
Raw Safari,raw safari,TUE PM — WED AM,6pm,Rippers Row,Three to Three at Three,3:00 Portal & A,03:00 PM – 03:00 AM,UNKNOWN,,,,unknown,14,RSL 2026 PDF
Danger Foley,danger foley,TUE PM — WED AM,7:30pm,Rippers Row,Three to Three at Three,3:00 Portal & A,03:00 PM – 03:00 AM,UNKNOWN,,,,unknown,14,RSL 2026 PDF
Puddles,puddles,TUE PM — WED AM,9pm,Rippers Row,Three to Three at Three,3:00 Portal & A,03:00 PM – 03:00 AM,UNKNOWN,,,,unknown,14,RSL 2026 PDF
Golden,golden,TUE PM — WED AM,10:30pm,Rippers Row,Three to Three at Three,3:00 Portal & A,03:00 PM – 03:00 AM,UNKNOWN,,,,unknown,14,RSL 2026 PDF
YOU&I,you&i,TUE PM — WED AM,12am,Rippers Row,Three to Three at Three,3:00 Portal & A,03:00 PM – 03:00 AM,UNKNOWN,,,,unknown,14,RSL 2026 PDF
Lovecraft b2b Rodriguez Jr,lovecraft b2b rodriguez jr,TUE PM — WED AM,1:30am,Rippers Row,Three to Three at Three,3:00 Portal & A,03:00 PM – 03:00 AM,UNKNOWN,,,,unknown,14,RSL 2026 PDF
Shahbbles,shahbbles,TUE PM — WED AM,7pm,Second Rodeo,Second Rodeo's Fourth Rodeo,8:30 & E,07:00 PM – 02:00 AM,UNKNOWN,,,,unknown,14,RSL 2026 PDF
NHIBIT,nhibit,TUE PM — WED AM,8pm,Second Rodeo,Second Rodeo's Fourth Rodeo,8:30 & E,07:00 PM – 02:00 AM,UNKNOWN,,,,unknown,14,RSL 2026 PDF
Jimmy Dirt,jimmy dirt,TUE PM — WED AM,9pm,Second Rodeo,Second Rodeo's Fourth Rodeo,8:30 & E,07:00 PM – 02:00 AM,UNKNOWN,,,,unknown,14,RSL 2026 PDF
Mo'Steph,mo'steph,TUE PM — WED AM,10pm,Second Rodeo,Second Rodeo's Fourth Rodeo,8:30 & E,07:00 PM – 02:00 AM,UNKNOWN,,,,unknown,14,RSL 2026 PDF
Rameff,rameff,TUE PM — WED AM,11pm,Second Rodeo,Second Rodeo's Fourth Rodeo,8:30 & E,07:00 PM – 02:00 AM,UNKNOWN,,,,unknown,14,RSL 2026 PDF
"Nat, not Nate","nat, not nate",TUE PM — WED AM,1am,Second Rodeo,Second Rodeo's Fourth Rodeo,8:30 & E,07:00 PM – 02:00 AM,UNKNOWN,,,,unknown,14,RSL 2026 PDF
Dana K,dana k,TUE PM — WED AM,5:30pm,Sil-vi,Grateful Dead Sunset Tour,On The Playa,05:30 PM – 08:30 PM,UNKNOWN,,,,unknown,14,RSL 2026 PDF
Orb,orb,TUE PM — WED AM,8pm,Sil-vi,,Deep Playa,08:00 PM – 07:30 AM,UNKNOWN,,,,unknown,14,RSL 2026 PDF
Mango,mango,TUE PM — WED AM,10pm,Sil-vi,,Deep Playa,08:00 PM – 07:30 AM,UNKNOWN,,,,unknown,14,RSL 2026 PDF
Santi,santi,TUE PM — WED AM,11:30pm,Sil-vi,,Deep Playa,08:00 PM – 07:30 AM,UNKNOWN,,,,unknown,14,RSL 2026 PDF
Stork B2B Ringo,stork b2b ringo,TUE PM — WED AM,1am,Sil-vi,,Deep Playa,08:00 PM – 07:30 AM,UNKNOWN,,,,unknown,14,RSL 2026 PDF
Omni B2B Owen,omni b2b owen,TUE PM — WED AM,3am,Sil-vi,,Deep Playa,08:00 PM – 07:30 AM,UNKNOWN,,,,unknown,14,RSL 2026 PDF
Caro B2B Anna,caro b2b anna,TUE PM — WED AM,5am,Sil-vi,,Deep Playa,08:00 PM – 07:30 AM,UNKNOWN,,,,unknown,14,RSL 2026 PDF
Chinatown,chinatown,TUE PM — WED AM,6am,Sil-vi,,Deep Playa,08:00 PM – 07:30 AM,UNKNOWN,,,,unknown,14,RSL 2026 PDF
"Nyashville, TenISee","nyashville, tenisee",TUE PM — WED AM,12pm,Snark Bar,Vybz n' Riddims,9:00 B Plaza @ 1:15,12:00 PM – 02:00 PM,UNKNOWN,,,,unknown,14,RSL 2026 PDF
Parrzan,parrzan,TUE PM — WED AM,8pm,Snark Bar,Snark After Dark,9:00 B Plaza @ 1:15,08:00 PM – 01:00 AM,UNKNOWN,,,,unknown,14,RSL 2026 PDF
Snark House DJ's,snark house dj's,TUE PM — WED AM,10pm,Snark Bar,Snark After Dark,9:00 B Plaza @ 1:15,08:00 PM – 01:00 AM,UNKNOWN,,,,unknown,14,RSL 2026 PDF
Benni,benni,TUE PM — WED AM,10am,Snark Bar,Mexikaner Breakfast,9:00 B Plaza @ 1:15,10:00 AM – 12:00 PM,UNKNOWN,,,,unknown,14,RSL 2026 PDF
Parrzan,parrzan,TUE PM — WED AM,11am,Snark Bar,Mexikaner Breakfast,9:00 B Plaza @ 1:15,10:00 AM – 12:00 PM,UNKNOWN,,,,unknown,14,RSL 2026 PDF
Damien,damien,TUE PM — WED AM,3pm,Solarpunks,,2:00 & K,03:00 PM – 06:00 PM,UNKNOWN,,,,unknown,15,RSL 2026 PDF
Non Profit Rave DJs,non profit rave djs,TUE PM — WED AM,4:30pm,Solarpunks,,2:00 & K,03:00 PM – 06:00 PM,UNKNOWN,,,,unknown,15,RSL 2026 PDF
Rickshaw,rickshaw,TUE PM — WED AM,4pm,Spanky's Wine Bar,Lil' Black Dress,7:30 & E,04:00 PM – 04:00 AM,UNKNOWN,,,,unknown,15,RSL 2026 PDF
Armin,armin,TUE PM — WED AM,6pm,Spanky's Wine Bar,Lil' Black Dress,7:30 & E,04:00 PM – 04:00 AM,UNKNOWN,,,,unknown,15,RSL 2026 PDF
Bophonic,bophonic,TUE PM — WED AM,8pm,Spanky's Wine Bar,Lil' Black Dress,7:30 & E,04:00 PM – 04:00 AM,UNKNOWN,,,,unknown,15,RSL 2026 PDF
Lazer,lazer,TUE PM — WED AM,10pm,Spanky's Wine Bar,Lil' Black Dress,7:30 & E,04:00 PM – 04:00 AM,UNKNOWN,,,,unknown,15,RSL 2026 PDF
PEAKED,peaked,TUE PM — WED AM,12am,Spanky's Wine Bar,Lil' Black Dress,7:30 & E,04:00 PM – 04:00 AM,UNKNOWN,,,,unknown,15,RSL 2026 PDF
Dave Decibel,dave decibel,TUE PM — WED AM,2am,Spanky's Wine Bar,Lil' Black Dress,7:30 & E,04:00 PM – 04:00 AM,UNKNOWN,,,,unknown,15,RSL 2026 PDF
Nat Turner b2b HMU,nat turner b2b hmu,TUE PM — WED AM,2pm,Teddies,Tacos Tequila Techno and Tutus,4:30 B Plaza @ 8:15,02:00 PM – 06:30 PM,UNKNOWN,,,,unknown,15,RSL 2026 PDF
blackbrook,blackbrook,TUE PM — WED AM,3:30pm,Teddies,Tacos Tequila Techno and Tutus,4:30 B Plaza @ 8:15,02:00 PM – 06:30 PM,UNKNOWN,,,,unknown,15,RSL 2026 PDF
Burko,burko,TUE PM — WED AM,5pm,Teddies,Tacos Tequila Techno and Tutus,4:30 B Plaza @ 8:15,02:00 PM – 06:30 PM,UNKNOWN,,,,unknown,15,RSL 2026 PDF
Generator,generator,TUE PM — WED AM,11pm,The Lighthouse,,On The Playa,12:00 PM – 01:00 AM,UNKNOWN,,,,unknown,15,RSL 2026 PDF
Mooglie,mooglie,TUE PM — WED AM,8:30pm,The Melon Motel,,2:00 & I,08:30 PM – 08:00 AM,UNKNOWN,,,,unknown,15,RSL 2026 PDF
Liz(zie) b2b Angelica,liz(zie) b2b angelica,TUE PM — WED AM,10pm,The Melon Motel,,2:00 & I,08:30 PM – 08:00 AM,UNKNOWN,,,,unknown,15,RSL 2026 PDF
Doozie,doozie,TUE PM — WED AM,12am,The Melon Motel,,2:00 & I,08:30 PM – 08:00 AM,UNKNOWN,,,,unknown,15,RSL 2026 PDF
Vintage Culture,vintage culture,TUE PM — WED AM,1am,The Melon Motel,,2:00 & I,08:30 PM – 08:00 AM,UNKNOWN,,,,unknown,15,RSL 2026 PDF
OMRI. & Friends,omri. & friends,TUE PM — WED AM,3am,The Melon Motel,,2:00 & I,08:30 PM – 08:00 AM,UNKNOWN,,,,unknown,15,RSL 2026 PDF
rosso,rosso,TUE PM — WED AM,7pm,The Society of Supreme Excellence,Animalia,2:30 & C,07:00 PM – 06:00 AM,UNKNOWN,,,,unknown,15,RSL 2026 PDF
trippie bri,trippie bri,TUE PM — WED AM,8pm,The Society of Supreme Excellence,Animalia,2:30 & C,07:00 PM – 06:00 AM,UNKNOWN,,,,unknown,15,RSL 2026 PDF
wooz,wooz,TUE PM — WED AM,9pm,The Society of Supreme Excellence,Animalia,2:30 & C,07:00 PM – 06:00 AM,UNKNOWN,,,,unknown,15,RSL 2026 PDF
rubï,rubï,TUE PM — WED AM,11pm,The Society of Supreme Excellence,Animalia,2:30 & C,07:00 PM – 06:00 AM,UNKNOWN,,,,unknown,15,RSL 2026 PDF
MNTRA,mntra,TUE PM — WED AM,12am,The Society of Supreme Excellence,Animalia,2:30 & C,07:00 PM – 06:00 AM,UNKNOWN,,,,unknown,15,RSL 2026 PDF
Sanctum,sanctum,TUE PM — WED AM,1am,The Society of Supreme Excellence,Animalia,2:30 & C,07:00 PM – 06:00 AM,UNKNOWN,,,,unknown,15,RSL 2026 PDF
bad pupi,bad pupi,TUE PM — WED AM,2am,The Society of Supreme Excellence,Animalia,2:30 & C,07:00 PM – 06:00 AM,UNKNOWN,,,,unknown,15,RSL 2026 PDF
Feral Wils,feral wils,TUE PM — WED AM,3am,The Society of Supreme Excellence,Animalia,2:30 & C,07:00 PM – 06:00 AM,UNKNOWN,,,,unknown,15,RSL 2026 PDF
SHOOKA,shooka,TUE PM — WED AM,4am,The Society of Supreme Excellence,Animalia,2:30 & C,07:00 PM – 06:00 AM,UNKNOWN,,,,unknown,15,RSL 2026 PDF
wabin,wabin,TUE PM — WED AM,5am,The Society of Supreme Excellence,Animalia,2:30 & C,07:00 PM – 06:00 AM,UNKNOWN,,,,unknown,15,RSL 2026 PDF
Moiz noise,moiz noise,TUE PM — WED AM,2pm,The Sound Garden,,2:00 & E,02:00 PM – 10:00 AM,UNKNOWN,,,,unknown,15,RSL 2026 PDF
Hooolia,hooolia,TUE PM — WED AM,3:30pm,The Sound Garden,,2:00 & E,02:00 PM – 10:00 AM,UNKNOWN,,,,unknown,15,RSL 2026 PDF
Alkemiss Erika,alkemiss erika,TUE PM — WED AM,5pm,The Sound Garden,,2:00 & E,02:00 PM – 10:00 AM,UNKNOWN,,,,unknown,15,RSL 2026 PDF
Adamaar,adamaar,TUE PM — WED AM,6:30pm,The Sound Garden,,2:00 & E,02:00 PM – 10:00 AM,UNKNOWN,,,,unknown,15,RSL 2026 PDF
Catori,catori,TUE PM — WED AM,8:30pm,The Sound Garden,,2:00 & E,02:00 PM – 10:00 AM,UNKNOWN,,,,unknown,15,RSL 2026 PDF
Dragonfly,dragonfly,TUE PM — WED AM,10pm,The Sound Garden,,2:00 & E,02:00 PM – 10:00 AM,UNKNOWN,,,,unknown,15,RSL 2026 PDF
Mosko & OI,mosko & oi,TUE PM — WED AM,11:30pm,The Sound Garden,,2:00 & E,02:00 PM – 10:00 AM,UNKNOWN,,,,unknown,15,RSL 2026 PDF
Sontèa,sontèa,TUE PM — WED AM,1am,The Sound Garden,,2:00 & E,02:00 PM – 10:00 AM,UNKNOWN,,,,unknown,15,RSL 2026 PDF
WONX,wonx,TUE PM — WED AM,2:30am,The Sound Garden,,2:00 & E,02:00 PM – 10:00 AM,UNKNOWN,,,,unknown,15,RSL 2026 PDF
Little Dinosaur,little dinosaur,TUE PM — WED AM,4am,The Sound Garden,,2:00 & E,02:00 PM – 10:00 AM,UNKNOWN,,,,unknown,15,RSL 2026 PDF
Andrew Will,andrew will,TUE PM — WED AM,5:30am,The Sound Garden,,2:00 & E,02:00 PM – 10:00 AM,UNKNOWN,,,,unknown,15,RSL 2026 PDF
KakeWalk,kakewalk,TUE PM — WED AM,7am,The Sound Garden,,2:00 & E,02:00 PM – 10:00 AM,UNKNOWN,,,,unknown,15,RSL 2026 PDF
Warren Ji,warren ji,TUE PM — WED AM,8:30am,The Sound Garden,,2:00 & E,02:00 PM – 10:00 AM,UNKNOWN,,,,unknown,15,RSL 2026 PDF
Philou,philou,TUE PM — WED AM,11pm,TRION,The Illumination,Let There Be Light,11:00 PM – 08:00 AM,UNKNOWN,,,,unknown,15,RSL 2026 PDF
Roy Rosenfeld b2b Vanjee,roy rosenfeld b2b vanjee,TUE PM — WED AM,12:30am,TRION,The Illumination,Let There Be Light,11:00 PM – 08:00 AM,UNKNOWN,,,,unknown,15,RSL 2026 PDF
LP Giobbi,lp giobbi,TUE PM — WED AM,2:30am,TRION,The Illumination,Let There Be Light,11:00 PM – 08:00 AM,UNKNOWN,,,,unknown,15,RSL 2026 PDF
Rafael b2b Special Guests,rafael b2b special guests,TUE PM — WED AM,4am,TRION,The Illumination,Let There Be Light,11:00 PM – 08:00 AM,UNKNOWN,,,,unknown,15,RSL 2026 PDF
Daddy J,daddy j,TUE PM — WED AM,10pm,Twilight language,Opening Night - Pizza n Beats,10:00 & I,10:00 PM – 04:00 AM,UNKNOWN,,,,unknown,15,RSL 2026 PDF
Rony b2b Doud b2b Pego,rony b2b doud b2b pego,TUE PM — WED AM,11pm,Twilight language,Opening Night - Pizza n Beats,10:00 & I,10:00 PM – 04:00 AM,UNKNOWN,,,,unknown,15,RSL 2026 PDF
Greg Eversoul,greg eversoul,TUE PM — WED AM,1am,Twilight language,Opening Night - Pizza n Beats,10:00 & I,10:00 PM – 04:00 AM,UNKNOWN,,,,unknown,15,RSL 2026 PDF
Max Hagenbach,max hagenbach,TUE PM — WED AM,2am,Twilight language,Opening Night - Pizza n Beats,10:00 & I,10:00 PM – 04:00 AM,UNKNOWN,,,,unknown,15,RSL 2026 PDF
Hunter,hunter,TUE PM — WED AM,3am,Twilight language,Opening Night - Pizza n Beats,10:00 & I,10:00 PM – 04:00 AM,UNKNOWN,,,,unknown,15,RSL 2026 PDF
Johnnie Clutch,johnnie clutch,TUE PM — WED AM,9pm,U.F.O.,Fire Archery,E & 7:45,09:00 PM – 01:00 AM,UNKNOWN,,,,unknown,15,RSL 2026 PDF
NOFUX,nofux,TUE PM — WED AM,10pm,U.F.O.,Fire Archery,E & 7:45,09:00 PM – 01:00 AM,UNKNOWN,,,,unknown,15,RSL 2026 PDF
Dalfin,dalfin,TUE PM — WED AM,11pm,U.F.O.,Fire Archery,E & 7:45,09:00 PM – 01:00 AM,UNKNOWN,,,,unknown,15,RSL 2026 PDF
Cult X,cult x,TUE PM — WED AM,12am,U.F.O.,Fire Archery,E & 7:45,09:00 PM – 01:00 AM,UNKNOWN,,,,unknown,15,RSL 2026 PDF
Yadu,yadu,TUE PM — WED AM,12pm,Venice Red Light,Red Light Therapy,2:00 & 2:00 B Plaza,12:00 PM – 03:00 PM,UNKNOWN,,,,unknown,15,RSL 2026 PDF
Sam Shure b2b LaserLaura (Silkshake),sam shure b2b laserlaura (silkshake),TUE PM — WED AM,1:30pm,Venice Red Light,Red Light Therapy,2:00 & 2:00 B Plaza,12:00 PM – 03:00 PM,UNKNOWN,,,,unknown,15,RSL 2026 PDF
Maqossa b2b Gawdat,maqossa b2b gawdat,TUE PM — WED AM,4am,Venice Red Light,Red Light Therapy,2:00 & 2:00 B Plaza,04:00 AM – 12:00 PM,UNKNOWN,,,,unknown,16,RSL 2026 PDF
Kimonos,kimonos,TUE PM — WED AM,6am,Venice Red Light,Red Light Therapy,2:00 & 2:00 B Plaza,04:00 AM – 12:00 PM,UNKNOWN,,,,unknown,16,RSL 2026 PDF
Sensanik,sensanik,TUE PM — WED AM,8am,Venice Red Light,Red Light Therapy,2:00 & 2:00 B Plaza,04:00 AM – 12:00 PM,UNKNOWN,,,,unknown,16,RSL 2026 PDF
Beobe,beobe,TUE PM — WED AM,9:30am,Venice Red Light,Red Light Therapy,2:00 & 2:00 B Plaza,04:00 AM – 12:00 PM,UNKNOWN,,,,unknown,16,RSL 2026 PDF
Jamyn Phoenix,jamyn phoenix,TUE PM — WED AM,11am,Venice Red Light,Red Light Therapy,2:00 & 2:00 B Plaza,04:00 AM – 12:00 PM,UNKNOWN,,,,unknown,16,RSL 2026 PDF
Truu1,truu1,TUE PM — WED AM,9am,Waffles & House,,8:30 & C,09:00 AM – 12:00 PM,UNKNOWN,,,,unknown,16,RSL 2026 PDF
Waves of Pleasure b2b Rhythm Witxch,waves of pleasure b2b rhythm witxch,TUE PM — WED AM,10am,Waffles & House,,8:30 & C,09:00 AM – 12:00 PM,UNKNOWN,,,,unknown,16,RSL 2026 PDF
XUZA DJ's,xuza dj's,TUE PM — WED AM,5:30pm,XUZA,Sunset,On The Playa,05:30 PM – 08:00 PM,UNKNOWN,,,,unknown,16,RSL 2026 PDF
ALBA,alba,TUE PM — WED AM,7pm,XUZA,Sunset,On The Playa,05:30 PM – 08:00 PM,UNKNOWN,,,,unknown,16,RSL 2026 PDF
sachiko b2b gargar,sachiko b2b gargar,TUE PM — WED AM,10pm,Zero Fucks,Burnhain Klubnot-Playarama Stage,9:30 & B,10:00 PM – 02:00 AM,UNKNOWN,,,,unknown,16,RSL 2026 PDF
docta reebs,docta reebs,TUE PM — WED AM,11pm,Zero Fucks,Burnhain Klubnot-Playarama Stage,9:30 & B,10:00 PM – 02:00 AM,UNKNOWN,,,,unknown,16,RSL 2026 PDF
tronic,tronic,TUE PM — WED AM,12am,Zero Fucks,Burnhain Klubnot-Playarama Stage,9:30 & B,10:00 PM – 02:00 AM,UNKNOWN,,,,unknown,16,RSL 2026 PDF
klintz,klintz,TUE PM — WED AM,1am,Zero Fucks,Burnhain Klubnot-Playarama Stage,9:30 & B,10:00 PM – 02:00 AM,UNKNOWN,,,,unknown,16,RSL 2026 PDF
dj spacecamp,dj spacecamp,TUE PM — WED AM,10pm,Zero Fucks,BlackRock Klubnot-Burnhain Stage,9:30 & B,10:00 PM – 02:00 AM,UNKNOWN,,,,unknown,16,RSL 2026 PDF
FIERS,fiers,TUE PM — WED AM,11:30pm,Zero Fucks,BlackRock Klubnot-Burnhain Stage,9:30 & B,10:00 PM – 02:00 AM,UNKNOWN,,,,unknown,16,RSL 2026 PDF
turtletheory,turtletheory,TUE PM — WED AM,12:30am,Zero Fucks,BlackRock Klubnot-Burnhain Stage,9:30 & B,10:00 PM – 02:00 AM,UNKNOWN,,,,unknown,16,RSL 2026 PDF
Seth Schwarz,seth schwarz,WED PM — THU AM,12pm,¡AXOLOTL! The Earth Guardian,,2:00 & 2:00 B Plaza,12:00 PM – 04:00 PM,UNKNOWN,,,,unknown,17,RSL 2026 PDF
Asli Kose,asli kose,WED PM — THU AM,2pm,¡AXOLOTL! The Earth Guardian,,2:00 & 2:00 B Plaza,12:00 PM – 04:00 PM,UNKNOWN,,,,unknown,17,RSL 2026 PDF
"Artemistique, BGolden, Jim Reynolds","artemistique, bgolden, jim reynolds",WED PM — THU AM,4pm,¡AXOLOTL! The Earth Guardian,La Calaca Village Sunset Cruise,On The Playa,04:00 PM – 08:30 PM,UNKNOWN,,,,unknown,17,RSL 2026 PDF
Tommy Raffa,tommy raffa,WED PM — THU AM,6pm,¡AXOLOTL! The Earth Guardian,Wild Animal Party,10:00 & E,06:00 PM – 08:00 AM,UNKNOWN,,,,unknown,17,RSL 2026 PDF
Xinobi b2b Losha,xinobi b2b losha,WED PM — THU AM,8pm,¡AXOLOTL! The Earth Guardian,Wild Animal Party,10:00 & E,06:00 PM – 08:00 AM,UNKNOWN,,,,unknown,17,RSL 2026 PDF
Madmotormiquel b2b Kotoe,madmotormiquel b2b kotoe,WED PM — THU AM,10pm,¡AXOLOTL! The Earth Guardian,Wild Animal Party,10:00 & E,06:00 PM – 08:00 AM,UNKNOWN,,,,unknown,17,RSL 2026 PDF
Nacho Isa b2b Isabeau fort,nacho isa b2b isabeau fort,WED PM — THU AM,12am,¡AXOLOTL! The Earth Guardian,Wild Animal Party,10:00 & E,06:00 PM – 08:00 AM,UNKNOWN,,,,unknown,17,RSL 2026 PDF
Maxxe b2b Von Davis,maxxe b2b von davis,WED PM — THU AM,2am,¡AXOLOTL! The Earth Guardian,Wild Animal Party,10:00 & E,06:00 PM – 08:00 AM,UNKNOWN,,,,unknown,17,RSL 2026 PDF
Karma,karma,WED PM — THU AM,4am,¡AXOLOTL! The Earth Guardian,Wild Animal Party,10:00 & E,06:00 PM – 08:00 AM,UNKNOWN,,,,unknown,17,RSL 2026 PDF
The love doctor,the love doctor,WED PM — THU AM,6am,¡AXOLOTL! The Earth Guardian,Wild Animal Party,10:00 & E,06:00 PM – 08:00 AM,UNKNOWN,,,,unknown,17,RSL 2026 PDF
OGAN,ogan,WED PM — THU AM,9pm,¡AXOLOTL! The Earth Guardian,DeMentha Takeover,On The Playa,09:00 PM – 02:00 AM,UNKNOWN,,,,unknown,17,RSL 2026 PDF
Yaz,yaz,WED PM — THU AM,10pm,¡AXOLOTL! The Earth Guardian,DeMentha Takeover,On The Playa,09:00 PM – 02:00 AM,UNKNOWN,,,,unknown,17,RSL 2026 PDF
Bobby Lyte,bobby lyte,WED PM — THU AM,11pm,¡AXOLOTL! The Earth Guardian,DeMentha Takeover,On The Playa,09:00 PM – 02:00 AM,UNKNOWN,,,,unknown,17,RSL 2026 PDF
Kohbain,kohbain,WED PM — THU AM,12am,¡AXOLOTL! The Earth Guardian,DeMentha Takeover,On The Playa,09:00 PM – 02:00 AM,UNKNOWN,,,,unknown,17,RSL 2026 PDF
Feen,feen,WED PM — THU AM,1am,¡AXOLOTL! The Earth Guardian,DeMentha Takeover,On The Playa,09:00 PM – 02:00 AM,UNKNOWN,,,,unknown,17,RSL 2026 PDF
Tycho,tycho,WED PM — THU AM,4:45am,¡AXOLOTL! The Earth Guardian,Tycho Bike Procession at 10 & G,On The Playa,04:45 AM – 05:30 AM,UNKNOWN,,,,unknown,17,RSL 2026 PDF
Tycho,tycho,WED PM — THU AM,5am,¡AXOLOTL! The Earth Guardian,Tycho Sunrise,Trash Fence,05:00 AM – 09:00 AM,UNKNOWN,,,,unknown,17,RSL 2026 PDF
Dane,dane,WED PM — THU AM,7am,¡AXOLOTL! The Earth Guardian,Tycho Sunrise,Trash Fence,05:00 AM – 09:00 AM,UNKNOWN,,,,unknown,17,RSL 2026 PDF
yroc,yroc,WED PM — THU AM,8am,¡AXOLOTL! The Earth Guardian,Tycho Sunrise,Trash Fence,05:00 AM – 09:00 AM,UNKNOWN,,,,unknown,17,RSL 2026 PDF
Morgatron,morgatron,WED PM — THU AM,12pm,Alternative Energy Zone,KAEZ radio 96.3fm,3:30 & E,12:00 PM – 08:00 PM,UNKNOWN,,,,unknown,17,RSL 2026 PDF
Diddly Squatters,diddly squatters,WED PM — THU AM,2pm,Alternative Energy Zone,KAEZ radio 96.3fm,3:30 & E,12:00 PM – 08:00 PM,UNKNOWN,,,,unknown,17,RSL 2026 PDF
Karpfen Und Speck,karpfen und speck,WED PM — THU AM,4pm,Alternative Energy Zone,KAEZ radio 96.3fm,3:30 & E,12:00 PM – 08:00 PM,UNKNOWN,,,,unknown,17,RSL 2026 PDF
Captain America,captain america,WED PM — THU AM,6pm,Alternative Energy Zone,KAEZ radio 96.3fm,3:30 & E,12:00 PM – 08:00 PM,UNKNOWN,,,,unknown,17,RSL 2026 PDF
Iggy,iggy,WED PM — THU AM,10am,Alternative Energy Zone,KAEZ radio 96.3fm,3:30 & E,10:00 AM – 12:00 PM,UNKNOWN,,,,unknown,17,RSL 2026 PDF
Martin Fuego,martin fuego,WED PM — THU AM,6:30pm,Altitude Lounge,,B & 8:15,06:30 PM – 08:30 PM,UNKNOWN,,,,unknown,17,RSL 2026 PDF
Lagrande,lagrande,WED PM — THU AM,9pm,Ashram Galactica,,9:00 & J,09:00 PM – 03:30 AM,UNKNOWN,,,,unknown,17,RSL 2026 PDF
Sarah Wild,sarah wild,WED PM — THU AM,10:30pm,Ashram Galactica,,9:00 & J,09:00 PM – 03:30 AM,UNKNOWN,,,,unknown,17,RSL 2026 PDF
GOLDEN,golden,WED PM — THU AM,12:30am,Ashram Galactica,,9:00 & J,09:00 PM – 03:30 AM,UNKNOWN,,,,unknown,17,RSL 2026 PDF
alexander:louis b2b opal,alexander:louis b2b opal,WED PM — THU AM,2am,Ashram Galactica,,9:00 & J,09:00 PM – 03:30 AM,UNKNOWN,,,,unknown,17,RSL 2026 PDF
Iggy,iggy,WED PM — THU AM,9pm,Astral Lab,Tech yes! Yes! YES!,10:00 & F,09:00 PM – 03:00 AM,UNKNOWN,,,,unknown,17,RSL 2026 PDF
Seba,seba,WED PM — THU AM,10:30pm,Astral Lab,Tech yes! Yes! YES!,10:00 & F,09:00 PM – 03:00 AM,UNKNOWN,,,,unknown,17,RSL 2026 PDF
Jehnee,jehnee,WED PM — THU AM,12am,Astral Lab,Tech yes! Yes! YES!,10:00 & F,09:00 PM – 03:00 AM,UNKNOWN,,,,unknown,17,RSL 2026 PDF
AGENT PROVOCATEUR (UA),agent provocateur (ua),WED PM — THU AM,1:30am,Astral Lab,Tech yes! Yes! YES!,10:00 & F,09:00 PM – 03:00 AM,UNKNOWN,,,,unknown,17,RSL 2026 PDF
BAAAHS DJs,baaahs djs,WED PM — THU AM,10pm,BAAAHS,Welcome to the Jungle,Deep Playa,10:00 PM – 05:00 AM,UNKNOWN,,,,unknown,17,RSL 2026 PDF
Tycho,tycho,WED PM — THU AM,5am,BAAAHS,Tycho Sunrise,Deep Playa,05:00 AM – 08:00 AM,UNKNOWN,,,,unknown,17,RSL 2026 PDF
Matt Denton,matt denton,WED PM — THU AM,2pm,Bad Asstronauts,GraviTEA Dance,7:30 B Plaza @ 9:45,02:00 PM – 07:00 PM,UNKNOWN,,,,unknown,17,RSL 2026 PDF
DJ P3tunia,dj p3tunia,WED PM — THU AM,3pm,Bad Asstronauts,GraviTEA Dance,7:30 B Plaza @ 9:45,02:00 PM – 07:00 PM,UNKNOWN,,,,unknown,17,RSL 2026 PDF
REVEL,revel,WED PM — THU AM,4pm,Bad Asstronauts,GraviTEA Dance,7:30 B Plaza @ 9:45,02:00 PM – 07:00 PM,UNKNOWN,,,,unknown,17,RSL 2026 PDF
DUGAN,dugan,WED PM — THU AM,5pm,Bad Asstronauts,GraviTEA Dance,7:30 B Plaza @ 9:45,02:00 PM – 07:00 PM,UNKNOWN,,,,unknown,17,RSL 2026 PDF
Travis Press,travis press,WED PM — THU AM,6pm,Bad Asstronauts,GraviTEA Dance,7:30 B Plaza @ 9:45,02:00 PM – 07:00 PM,UNKNOWN,,,,unknown,17,RSL 2026 PDF
Debra B2B Electrolyte,debra b2b electrolyte,WED PM — THU AM,5pm,Best Butt,Pop Punk x Butt Jousting,B & 8:45,05:00 PM – 07:00 PM,UNKNOWN,,,,unknown,17,RSL 2026 PDF
Black Rock Philharmonic,black rock philharmonic,WED PM — THU AM,4pm,Black Rock Philharmonic,,Center Camp,04:00 PM – 05:00 PM,UNKNOWN,,,,unknown,17,RSL 2026 PDF
Shadow of the Man,shadow of the man,WED PM — THU AM,12pm,Black Rock Travel Agency,ShoutingFire/Radio Electra 99.5,Airport Road,12:00 PM – 11:00 PM,UNKNOWN,,,,unknown,18,RSL 2026 PDF
Idlis on the Mic,idlis on the mic,WED PM — THU AM,3pm,Black Rock Travel Agency,ShoutingFire/Radio Electra 99.5,Airport Road,12:00 PM – 11:00 PM,UNKNOWN,,,,unknown,18,RSL 2026 PDF
Kinda Sorta with Tim,kinda sorta with tim,WED PM — THU AM,5pm,Black Rock Travel Agency,ShoutingFire/Radio Electra 99.5,Airport Road,12:00 PM – 11:00 PM,UNKNOWN,,,,unknown,18,RSL 2026 PDF
Social Propaganda Club,social propaganda club,WED PM — THU AM,9pm,Black Rock Travel Agency,ShoutingFire/Radio Electra 99.5,Airport Road,12:00 PM – 11:00 PM,UNKNOWN,,,,unknown,18,RSL 2026 PDF
Alien Worlds,alien worlds,WED PM — THU AM,12am,Black Rock Travel Agency,ShoutingFire/Radio Electra 99.5,Airport Road,12:00 AM – 12:00 PM,UNKNOWN,,,,unknown,18,RSL 2026 PDF
Kaleidoscope Mixtape,kaleidoscope mixtape,WED PM — THU AM,9am,Black Rock Travel Agency,ShoutingFire/Radio Electra 99.5,Airport Road,12:00 AM – 12:00 PM,UNKNOWN,,,,unknown,18,RSL 2026 PDF
D1,d1,WED PM — THU AM,8pm,Blue Bull,,Inner Playa @ 11:30,08:00 PM – 06:00 AM,UNKNOWN,,,,unknown,18,RSL 2026 PDF
Julieta Alvarez,julieta alvarez,WED PM — THU AM,10pm,Blue Bull,,Inner Playa @ 11:30,08:00 PM – 06:00 AM,UNKNOWN,,,,unknown,18,RSL 2026 PDF
Go South,go south,WED PM — THU AM,12am,Blue Bull,,Inner Playa @ 11:30,08:00 PM – 06:00 AM,UNKNOWN,,,,unknown,18,RSL 2026 PDF
Vozhd',vozhd',WED PM — THU AM,2am,Blue Bull,,Inner Playa @ 11:30,08:00 PM – 06:00 AM,UNKNOWN,,,,unknown,18,RSL 2026 PDF
Mamay,mamay,WED PM — THU AM,4am,Blue Bull,,Inner Playa @ 11:30,08:00 PM – 06:00 AM,UNKNOWN,,,,unknown,18,RSL 2026 PDF
Third Rail,third rail,WED PM — THU AM,12pm,BMIR,94.5 FM The Voice of the Man,Esplanade & 5:45,12:00 PM – 12:00 AM,UNKNOWN,,,,unknown,18,RSL 2026 PDF
Doom + Please Leave,doom + please leave,WED PM — THU AM,2pm,BMIR,94.5 FM The Voice of the Man,Esplanade & 5:45,12:00 PM – 12:00 AM,UNKNOWN,,,,unknown,18,RSL 2026 PDF
Philarmonic Live Broadcast,philarmonic live broadcast,WED PM — THU AM,4:30pm,BMIR,94.5 FM The Voice of the Man,Esplanade & 5:45,12:00 PM – 12:00 AM,UNKNOWN,,,,unknown,18,RSL 2026 PDF
Kanizzle + Leo Interview,kanizzle + leo interview,WED PM — THU AM,5pm,BMIR,94.5 FM The Voice of the Man,Esplanade & 5:45,12:00 PM – 12:00 AM,UNKNOWN,,,,unknown,18,RSL 2026 PDF
Full Service,full service,WED PM — THU AM,6pm,BMIR,94.5 FM The Voice of the Man,Esplanade & 5:45,12:00 PM – 12:00 AM,UNKNOWN,,,,unknown,18,RSL 2026 PDF
Face,face,WED PM — THU AM,8pm,BMIR,94.5 FM The Voice of the Man,Esplanade & 5:45,12:00 PM – 12:00 AM,UNKNOWN,,,,unknown,18,RSL 2026 PDF
Spit Bucket,spit bucket,WED PM — THU AM,10pm,BMIR,94.5 FM The Voice of the Man,Esplanade & 5:45,12:00 PM – 12:00 AM,UNKNOWN,,,,unknown,18,RSL 2026 PDF
Fireclown,fireclown,WED PM — THU AM,12am,BMIR,94.5 FM The Voice of the Man,Esplanade & 5:45,12:00 AM – 12:00 PM,UNKNOWN,,,,unknown,18,RSL 2026 PDF
Xercole,xercole,WED PM — THU AM,2am,BMIR,94.5 FM The Voice of the Man,Esplanade & 5:45,12:00 AM – 12:00 PM,UNKNOWN,,,,unknown,18,RSL 2026 PDF
Blue,blue,WED PM — THU AM,4am,BMIR,94.5 FM The Voice of the Man,Esplanade & 5:45,12:00 AM – 12:00 PM,UNKNOWN,,,,unknown,18,RSL 2026 PDF
Cindiana Jones,cindiana jones,WED PM — THU AM,6am,BMIR,94.5 FM The Voice of the Man,Esplanade & 5:45,12:00 AM – 12:00 PM,UNKNOWN,,,,unknown,18,RSL 2026 PDF
Grease Withaspoon,grease withaspoon,WED PM — THU AM,8am,BMIR,94.5 FM The Voice of the Man,Esplanade & 5:45,12:00 AM – 12:00 PM,UNKNOWN,,,,unknown,18,RSL 2026 PDF
Crowsnestster,crowsnestster,WED PM — THU AM,10am,BMIR,94.5 FM The Voice of the Man,Esplanade & 5:45,12:00 AM – 12:00 PM,UNKNOWN,,,,unknown,18,RSL 2026 PDF
SoulMystic,soulmystic,WED PM — THU AM,12pm,Bubble Lounge,,7:30 B Plaza @ 3:45,12:00 PM – 08:00 PM,UNKNOWN,,,,unknown,18,RSL 2026 PDF
Brendan Daniel,brendan daniel,WED PM — THU AM,2pm,Bubble Lounge,,7:30 B Plaza @ 3:45,12:00 PM – 08:00 PM,UNKNOWN,,,,unknown,18,RSL 2026 PDF
Jehnee,jehnee,WED PM — THU AM,4pm,Bubble Lounge,,7:30 B Plaza @ 3:45,12:00 PM – 08:00 PM,UNKNOWN,,,,unknown,18,RSL 2026 PDF
Humo Blanco,humo blanco,WED PM — THU AM,6pm,Bubble Lounge,,7:30 B Plaza @ 3:45,12:00 PM – 08:00 PM,UNKNOWN,,,,unknown,18,RSL 2026 PDF
ashtré,ashtré,WED PM — THU AM,4pm,Camp Butter,Dusty Dis-COW,D & 4:15,04:00 PM – 11:00 PM,UNKNOWN,,,,unknown,18,RSL 2026 PDF
Phleck (Janky Barge),phleck (janky barge),WED PM — THU AM,5pm,Camp Butter,Dusty Dis-COW,D & 4:15,04:00 PM – 11:00 PM,UNKNOWN,,,,unknown,18,RSL 2026 PDF
Honeygold,honeygold,WED PM — THU AM,6pm,Camp Butter,Dusty Dis-COW,D & 4:15,04:00 PM – 11:00 PM,UNKNOWN,,,,unknown,18,RSL 2026 PDF
Omnicock,omnicock,WED PM — THU AM,7pm,Camp Butter,Dusty Dis-COW,D & 4:15,04:00 PM – 11:00 PM,UNKNOWN,,,,unknown,18,RSL 2026 PDF
Blaze Claze,blaze claze,WED PM — THU AM,8pm,Camp Butter,Dusty Dis-COW,D & 4:15,04:00 PM – 11:00 PM,UNKNOWN,,,,unknown,18,RSL 2026 PDF
CARO,caro,WED PM — THU AM,9pm,Camp Butter,Dusty Dis-COW,D & 4:15,04:00 PM – 11:00 PM,UNKNOWN,,,,unknown,18,RSL 2026 PDF
Feather (Live Ambient Synth Set),feather (live ambient synth set),WED PM — THU AM,10pm,Camp Butter,Dusty Dis-COW,D & 4:15,04:00 PM – 11:00 PM,UNKNOWN,,,,unknown,18,RSL 2026 PDF
Tragically Hip,tragically hip,WED PM — THU AM,1pm,Camp Canadianderthal,Canadian Love,D & 9:15,01:00 PM – 03:00 PM,UNKNOWN,,,,unknown,18,RSL 2026 PDF
Heavenly Father,heavenly father,WED PM — THU AM,8pm,Camp Kinetic,Fireflow BRC Fire Jam,3:00 & E,08:00 PM – 01:00 AM,UNKNOWN,,,,unknown,18,RSL 2026 PDF
BtchPlz,btchplz,WED PM — THU AM,9pm,Camp Kinetic,Fireflow BRC Fire Jam,3:00 & E,08:00 PM – 01:00 AM,UNKNOWN,,,,unknown,18,RSL 2026 PDF
Launchpad Infinity,launchpad infinity,WED PM — THU AM,10pm,Camp Kinetic,Fireflow BRC Fire Jam,3:00 & E,08:00 PM – 01:00 AM,UNKNOWN,,,,unknown,18,RSL 2026 PDF
S'akiibaum,s'akiibaum,WED PM — THU AM,11pm,Camp Kinetic,Fireflow BRC Fire Jam,3:00 & E,08:00 PM – 01:00 AM,UNKNOWN,,,,unknown,18,RSL 2026 PDF
Madison Orange,madison orange,WED PM — THU AM,12am,Camp Kinetic,Fireflow BRC Fire Jam,3:00 & E,08:00 PM – 01:00 AM,UNKNOWN,,,,unknown,18,RSL 2026 PDF
Peter,peter,WED PM — THU AM,8pm,Camp Shutterbuggy,Strip Tease,E & 7:15,08:00 PM – 12:00 AM,UNKNOWN,,,,unknown,18,RSL 2026 PDF
Artem,artem,WED PM — THU AM,9pm,Camp Shutterbuggy,Strip Tease,E & 7:15,08:00 PM – 12:00 AM,UNKNOWN,,,,unknown,18,RSL 2026 PDF
Brandon,brandon,WED PM — THU AM,10pm,Camp Shutterbuggy,Strip Tease,E & 7:15,08:00 PM – 12:00 AM,UNKNOWN,,,,unknown,18,RSL 2026 PDF
Thomas,thomas,WED PM — THU AM,11pm,Camp Shutterbuggy,Strip Tease,E & 7:15,08:00 PM – 12:00 AM,UNKNOWN,,,,unknown,18,RSL 2026 PDF
Eduardo Castillo,eduardo castillo,WED PM — THU AM,6pm,Christina: Queen of the BRC,with Daydream Camp,2:00 & E,06:00 PM – 06:00 AM,UNKNOWN,,,,unknown,18,RSL 2026 PDF
Peter Guzman,peter guzman,WED PM — THU AM,8pm,Christina: Queen of the BRC,with Daydream Camp,2:00 & E,06:00 PM – 06:00 AM,UNKNOWN,,,,unknown,18,RSL 2026 PDF
Pompoklap,pompoklap,WED PM — THU AM,10pm,Christina: Queen of the BRC,with Daydream Camp,2:00 & E,06:00 PM – 06:00 AM,UNKNOWN,,,,unknown,18,RSL 2026 PDF
Manfredi 大人,manfredi 大人,WED PM — THU AM,12am,Christina: Queen of the BRC,with Daydream Camp,2:00 & E,06:00 PM – 06:00 AM,UNKNOWN,,,,unknown,18,RSL 2026 PDF
SOL∆RIS,sol∆ris,WED PM — THU AM,2am,Christina: Queen of the BRC,with Daydream Camp,2:00 & E,06:00 PM – 06:00 AM,UNKNOWN,,,,unknown,18,RSL 2026 PDF
AHAU,ahau,WED PM — THU AM,4am,Christina: Queen of the BRC,with Daydream Camp,2:00 & E,06:00 PM – 06:00 AM,UNKNOWN,,,,unknown,18,RSL 2026 PDF
Daydream & Land Ho! artists,daydream & land ho! artists,WED PM — THU AM,8pm,Christina: Queen of the BRC,Blooming sailors link,Esplanade & 9:45,08:00 PM – 12:00 AM,UNKNOWN,,,,unknown,18,RSL 2026 PDF
Bloom Camp Artists,bloom camp artists,WED PM — THU AM,10pm,Christina: Queen of the BRC,Blooming sailors link,Esplanade & 9:45,08:00 PM – 12:00 AM,UNKNOWN,,,,unknown,18,RSL 2026 PDF
Daydream & Land Ho! artists,daydream & land ho! artists,WED PM — THU AM,2am,Christina: Queen of the BRC,Balloon riders,Esplanade & 3:30,02:00 AM – 08:00 AM,UNKNOWN,,,,unknown,18,RSL 2026 PDF
J-Thor,j-thor,WED PM — THU AM,9pm,Crystal Ship II: From Ashes,"Bouncy Bass, Dubstep, and DNB",Esplanade & 4:15,09:00 PM – 07:00 AM,UNKNOWN,,,,unknown,19,RSL 2026 PDF
Gordyceps,gordyceps,WED PM — THU AM,10pm,Crystal Ship II: From Ashes,"Bouncy Bass, Dubstep, and DNB",Esplanade & 4:15,09:00 PM – 07:00 AM,UNKNOWN,,,,unknown,19,RSL 2026 PDF
Tantum,tantum,WED PM — THU AM,11pm,Crystal Ship II: From Ashes,"Bouncy Bass, Dubstep, and DNB",Esplanade & 4:15,09:00 PM – 07:00 AM,UNKNOWN,,,,unknown,19,RSL 2026 PDF
kae low,kae low,WED PM — THU AM,12am,Crystal Ship II: From Ashes,"Bouncy Bass, Dubstep, and DNB",Esplanade & 4:15,09:00 PM – 07:00 AM,UNKNOWN,,,,unknown,19,RSL 2026 PDF
Kr3ture,kr3ture,WED PM — THU AM,1am,Crystal Ship II: From Ashes,"Bouncy Bass, Dubstep, and DNB",Esplanade & 4:15,09:00 PM – 07:00 AM,UNKNOWN,,,,unknown,19,RSL 2026 PDF
Moist Magnolia,moist magnolia,WED PM — THU AM,2am,Crystal Ship II: From Ashes,"Bouncy Bass, Dubstep, and DNB",Esplanade & 4:15,09:00 PM – 07:00 AM,UNKNOWN,,,,unknown,19,RSL 2026 PDF
it's murph,it's murph,WED PM — THU AM,3am,Crystal Ship II: From Ashes,"Bouncy Bass, Dubstep, and DNB",Esplanade & 4:15,09:00 PM – 07:00 AM,UNKNOWN,,,,unknown,19,RSL 2026 PDF
AnuBliss Sound,anubliss sound,WED PM — THU AM,4am,Crystal Ship II: From Ashes,"Bouncy Bass, Dubstep, and DNB",Esplanade & 4:15,09:00 PM – 07:00 AM,UNKNOWN,,,,unknown,19,RSL 2026 PDF
HANDZ,handz,WED PM — THU AM,5am,Crystal Ship II: From Ashes,"Bouncy Bass, Dubstep, and DNB",Esplanade & 4:15,09:00 PM – 07:00 AM,UNKNOWN,,,,unknown,19,RSL 2026 PDF
Infinight,infinight,WED PM — THU AM,6am,Crystal Ship II: From Ashes,"Bouncy Bass, Dubstep, and DNB",Esplanade & 4:15,09:00 PM – 07:00 AM,UNKNOWN,,,,unknown,19,RSL 2026 PDF
Dr. Botox,dr. botox,WED PM — THU AM,4pm,Cuddle Oasis,,Esplanade & 2:30,04:00 PM – 06:00 PM,UNKNOWN,,,,unknown,19,RSL 2026 PDF
Gandalf,gandalf,WED PM — THU AM,6pm,Cuddle Oasis,Oasis x Playa Peace Project,Esplanade & 2:30,06:00 PM – 02:00 AM,UNKNOWN,,,,unknown,19,RSL 2026 PDF
Pomboklap,pomboklap,WED PM — THU AM,7:30pm,Cuddle Oasis,Oasis x Playa Peace Project,Esplanade & 2:30,06:00 PM – 02:00 AM,UNKNOWN,,,,unknown,19,RSL 2026 PDF
Reza x Grudi,reza x grudi,WED PM — THU AM,9pm,Cuddle Oasis,Oasis x Playa Peace Project,Esplanade & 2:30,06:00 PM – 02:00 AM,UNKNOWN,,,,unknown,19,RSL 2026 PDF
Emanate,emanate,WED PM — THU AM,11pm,Cuddle Oasis,Oasis x Playa Peace Project,Esplanade & 2:30,06:00 PM – 02:00 AM,UNKNOWN,,,,unknown,19,RSL 2026 PDF
Special Guest,special guest,WED PM — THU AM,12:30am,Cuddle Oasis,Oasis x Playa Peace Project,Esplanade & 2:30,06:00 PM – 02:00 AM,UNKNOWN,,,,unknown,19,RSL 2026 PDF
404,404,WED PM — THU AM,1pm,DeMentha,"Mojitos, Music, Mist",3:00 Portal & A,01:00 PM – 06:00 PM,UNKNOWN,,,,unknown,19,RSL 2026 PDF
Feen,feen,WED PM — THU AM,2pm,DeMentha,"Mojitos, Music, Mist",3:00 Portal & A,01:00 PM – 06:00 PM,UNKNOWN,,,,unknown,19,RSL 2026 PDF
OBER,ober,WED PM — THU AM,3pm,DeMentha,"Mojitos, Music, Mist",3:00 Portal & A,01:00 PM – 06:00 PM,UNKNOWN,,,,unknown,19,RSL 2026 PDF
Yaz,yaz,WED PM — THU AM,4pm,DeMentha,"Mojitos, Music, Mist",3:00 Portal & A,01:00 PM – 06:00 PM,UNKNOWN,,,,unknown,19,RSL 2026 PDF
Kohbain,kohbain,WED PM — THU AM,5pm,DeMentha,"Mojitos, Music, Mist",3:00 Portal & A,01:00 PM – 06:00 PM,UNKNOWN,,,,unknown,19,RSL 2026 PDF
Jerzy del Mar,jerzy del mar,WED PM — THU AM,8pm,Deoxidized,,2:00 & D,08:00 PM – 03:00 AM,UNKNOWN,,,,unknown,19,RSL 2026 PDF
Zank,zank,WED PM — THU AM,10:30pm,Deoxidized,,2:00 & D,08:00 PM – 03:00 AM,UNKNOWN,,,,unknown,19,RSL 2026 PDF
Adil,adil,WED PM — THU AM,12am,Deoxidized,,2:00 & D,08:00 PM – 03:00 AM,UNKNOWN,,,,unknown,19,RSL 2026 PDF
GIINA,giina,WED PM — THU AM,1:30am,Deoxidized,,2:00 & D,08:00 PM – 03:00 AM,UNKNOWN,,,,unknown,19,RSL 2026 PDF
Leni,leni,WED PM — THU AM,2:30pm,Disorient,,Esplanade & 8:00,02:30 PM – 03:00 AM,UNKNOWN,,,,unknown,19,RSL 2026 PDF
CATORI,catori,WED PM — THU AM,4pm,Disorient,,Esplanade & 8:00,02:30 PM – 03:00 AM,UNKNOWN,,,,unknown,19,RSL 2026 PDF
Adaamar / Around The World,adaamar / around the world,WED PM — THU AM,6pm,Disorient,,Esplanade & 8:00,02:30 PM – 03:00 AM,UNKNOWN,,,,unknown,19,RSL 2026 PDF
Igor Marijuan,igor marijuan,WED PM — THU AM,8:30pm,Disorient,,Esplanade & 8:00,02:30 PM – 03:00 AM,UNKNOWN,,,,unknown,19,RSL 2026 PDF
Rampue Live,rampue live,WED PM — THU AM,10:30pm,Disorient,,Esplanade & 8:00,02:30 PM – 03:00 AM,UNKNOWN,,,,unknown,19,RSL 2026 PDF
Kotoe,kotoe,WED PM — THU AM,1am,Disorient,,Esplanade & 8:00,02:30 PM – 03:00 AM,UNKNOWN,,,,unknown,19,RSL 2026 PDF
Neuromancer,neuromancer,WED PM — THU AM,8pm,Emergence with BuddhaLounge,Deep Tribal House Music,10:00 & G,08:00 PM – 01:00 AM,UNKNOWN,,,,unknown,19,RSL 2026 PDF
Amanda Gaez,amanda gaez,WED PM — THU AM,9pm,Emergence with BuddhaLounge,Deep Tribal House Music,10:00 & G,08:00 PM – 01:00 AM,UNKNOWN,,,,unknown,19,RSL 2026 PDF
Buddha Bass,buddha bass,WED PM — THU AM,11pm,Emergence with BuddhaLounge,Deep Tribal House Music,10:00 & G,08:00 PM – 01:00 AM,UNKNOWN,,,,unknown,19,RSL 2026 PDF
Mary Mesk,mary mesk,WED PM — THU AM,11pm,Favela Culture,Dust Rising with BiPolar,Let There Be Light,11:00 PM – 08:30 AM,UNKNOWN,,,,unknown,19,RSL 2026 PDF
Doozie,doozie,WED PM — THU AM,12:30am,Favela Culture,Dust Rising with BiPolar,Let There Be Light,11:00 PM – 08:30 AM,UNKNOWN,,,,unknown,19,RSL 2026 PDF
Vintage Culture b2b OMRI.,vintage culture b2b omri.,WED PM — THU AM,2:30am,Favela Culture,Dust Rising with BiPolar,Let There Be Light,11:00 PM – 08:30 AM,UNKNOWN,,,,unknown,19,RSL 2026 PDF
Anna,anna,WED PM — THU AM,4am,Favela Culture,Dust Rising with BiPolar,Let There Be Light,11:00 PM – 08:30 AM,UNKNOWN,,,,unknown,19,RSL 2026 PDF
Inected Mushroom,inected mushroom,WED PM — THU AM,5:30am,Favela Culture,Dust Rising with BiPolar,Let There Be Light,11:00 PM – 08:30 AM,UNKNOWN,,,,unknown,19,RSL 2026 PDF
Wrecked Machine vs Vermont,wrecked machine vs vermont,WED PM — THU AM,7am,Favela Culture,Dust Rising with BiPolar,Let There Be Light,11:00 PM – 08:30 AM,UNKNOWN,,,,unknown,19,RSL 2026 PDF
KaFoutski,kafoutski,WED PM — THU AM,12pm,Funky Town,Western Wigglers,10:00 & D,12:00 PM – 09:00 PM,UNKNOWN,,,,unknown,19,RSL 2026 PDF
Cheeks,cheeks,WED PM — THU AM,1:30pm,Funky Town,Western Wigglers,10:00 & D,12:00 PM – 09:00 PM,UNKNOWN,,,,unknown,19,RSL 2026 PDF
Dazy Duke,dazy duke,WED PM — THU AM,3:30pm,Funky Town,Western Wigglers,10:00 & D,12:00 PM – 09:00 PM,UNKNOWN,,,,unknown,19,RSL 2026 PDF
Dirty Texans,dirty texans,WED PM — THU AM,5pm,Funky Town,Western Wigglers,10:00 & D,12:00 PM – 09:00 PM,UNKNOWN,,,,unknown,19,RSL 2026 PDF
Baby Cakes,baby cakes,WED PM — THU AM,7pm,Funky Town,Western Wigglers,10:00 & D,12:00 PM – 09:00 PM,UNKNOWN,,,,unknown,19,RSL 2026 PDF
Chris Moyles,chris moyles,WED PM — THU AM,4am,Funky Town,,10:00 & D,04:00 AM – 08:00 AM,UNKNOWN,,,,unknown,19,RSL 2026 PDF
QIHKAL,qihkal,WED PM — THU AM,2pm,Hookahdome,Inside the Dome- Intimate & Live,Esplanade & 4:15,02:00 PM – 05:00 PM,UNKNOWN,,,,unknown,19,RSL 2026 PDF
Chlorophil,chlorophil,WED PM — THU AM,4pm,Hookahdome,Inside the Dome- Intimate & Live,Esplanade & 4:15,02:00 PM – 05:00 PM,UNKNOWN,,,,unknown,19,RSL 2026 PDF
Hookahdome Players,hookahdome players,WED PM — THU AM,7pm,Hookahdome,"Live Music Open Mic, Jam & Drum",Esplanade & 4:15,07:00 PM – 08:00 PM,UNKNOWN,,,,unknown,19,RSL 2026 PDF
DJ Black Magic,dj black magic,WED PM — THU AM,2pm,Hotline Camp,Operator: Connect My Bestie,A & 8:15,02:00 PM – 06:00 PM,UNKNOWN,,,,unknown,19,RSL 2026 PDF
Ronnie Beats,ronnie beats,WED PM — THU AM,3pm,Hotline Camp,Operator: Connect My Bestie,A & 8:15,02:00 PM – 06:00 PM,UNKNOWN,,,,unknown,19,RSL 2026 PDF
Humo Blanco,humo blanco,WED PM — THU AM,4pm,Hotline Camp,Operator: Connect My Bestie,A & 8:15,02:00 PM – 06:00 PM,UNKNOWN,,,,unknown,19,RSL 2026 PDF
Meena Zaki,meena zaki,WED PM — THU AM,5pm,Hotline Camp,Operator: Connect My Bestie,A & 8:15,02:00 PM – 06:00 PM,UNKNOWN,,,,unknown,19,RSL 2026 PDF
grayduck,grayduck,WED PM — THU AM,4pm,Jail of Hedone,,6:30 & E,04:00 PM – 08:00 PM,UNKNOWN,,,,unknown,19,RSL 2026 PDF
N0T H3R3,n0t h3r3,WED PM — THU AM,5pm,Jail of Hedone,,6:30 & E,04:00 PM – 08:00 PM,UNKNOWN,,,,unknown,19,RSL 2026 PDF
Bryn Avery,bryn avery,WED PM — THU AM,6:30pm,Jail of Hedone,,6:30 & E,04:00 PM – 08:00 PM,UNKNOWN,,,,unknown,19,RSL 2026 PDF
Krüz,krüz,WED PM — THU AM,1:30pm,Lands Beyond,Michelada Bacchanalia,F & 8:45,12:00 PM – 03:30 PM,UNKNOWN,,,,unknown,20,RSL 2026 PDF
Krüz,krüz,WED PM — THU AM,11:30am,Lands Beyond,Michelada Bacchanalia,F & 8:45,11:30 AM – 12:00 PM,UNKNOWN,,,,unknown,20,RSL 2026 PDF
Cheeks,cheeks,WED PM — THU AM,9:30pm,Mad Tea(se) Party,Best-Mad-Butts-Party,Esplanade & 7:15,09:30 PM – 12:30 AM,UNKNOWN,,,,unknown,20,RSL 2026 PDF
Swingline,swingline,WED PM — THU AM,10:15pm,Mad Tea(se) Party,Best-Mad-Butts-Party,Esplanade & 7:15,09:30 PM – 12:30 AM,UNKNOWN,,,,unknown,20,RSL 2026 PDF
Mai Tai B2B Yeshua,mai tai b2b yeshua,WED PM — THU AM,11pm,Mad Tea(se) Party,Best-Mad-Butts-Party,Esplanade & 7:15,09:30 PM – 12:30 AM,UNKNOWN,,,,unknown,20,RSL 2026 PDF
Enjie,enjie,WED PM — THU AM,11pm,Midnight Roast,"Organic, Progressive, Melodic",2:00 & C,11:00 PM – 08:30 AM,UNKNOWN,,,,unknown,20,RSL 2026 PDF
Major Tom (Progressive Set),major tom (progressive set),WED PM — THU AM,12:30am,Midnight Roast,"Organic, Progressive, Melodic",2:00 & C,11:00 PM – 08:30 AM,UNKNOWN,,,,unknown,20,RSL 2026 PDF
Vetica,vetica,WED PM — THU AM,2am,Midnight Roast,"Organic, Progressive, Melodic",2:00 & C,11:00 PM – 08:30 AM,UNKNOWN,,,,unknown,20,RSL 2026 PDF
Special Guest,special guest,WED PM — THU AM,3:30am,Midnight Roast,"Organic, Progressive, Melodic",2:00 & C,11:00 PM – 08:30 AM,UNKNOWN,,,,unknown,20,RSL 2026 PDF
Phil Evans b2b Todd Spero (Sunrise,phil evans b2b todd spero (sunrise,WED PM — THU AM,5:30am,Midnight Roast,"Organic, Progressive, Melodic",2:00 & C,11:00 PM – 08:30 AM,UNKNOWN,,,,unknown,20,RSL 2026 PDF
You,you,WED PM — THU AM,8pm,Mighty Misfits,Fuck Yer Tunes,2:30 & D,08:00 PM – 12:00 AM,UNKNOWN,,,,unknown,20,RSL 2026 PDF
BearFoot,bearfoot,WED PM — THU AM,1:30pm,Miki Beach,Pretty In Pink,10:00 & F,01:30 PM – 10:30 PM,UNKNOWN,,,,unknown,20,RSL 2026 PDF
Ksenyeah B2B Manguito,ksenyeah b2b manguito,WED PM — THU AM,2:30pm,Miki Beach,Pretty In Pink,10:00 & F,01:30 PM – 10:30 PM,UNKNOWN,,,,unknown,20,RSL 2026 PDF
Sam Shure b2 Laser Laura (SilkShake),sam shure b2 laser laura (silkshake),WED PM — THU AM,4pm,Miki Beach,Pretty In Pink,10:00 & F,01:30 PM – 10:30 PM,UNKNOWN,,,,unknown,20,RSL 2026 PDF
Club Dü Combat,club dü combat,WED PM — THU AM,5:30pm,Miki Beach,Pretty In Pink,10:00 & F,01:30 PM – 10:30 PM,UNKNOWN,,,,unknown,20,RSL 2026 PDF
Vanjee,vanjee,WED PM — THU AM,7pm,Miki Beach,Pretty In Pink,10:00 & F,01:30 PM – 10:30 PM,UNKNOWN,,,,unknown,20,RSL 2026 PDF
ọba+flip,ọba+flip,WED PM — THU AM,9pm,Miki Beach,Pretty In Pink,10:00 & F,01:30 PM – 10:30 PM,UNKNOWN,,,,unknown,20,RSL 2026 PDF
Hex Appeal,hex appeal,WED PM — THU AM,6pm,MindShark,Psychedelic Beats,Esplanade & 3:00 Portal,06:00 PM – 07:30 AM,UNKNOWN,,,,unknown,20,RSL 2026 PDF
Orbel,orbel,WED PM — THU AM,7pm,MindShark,Psychedelic Beats,Esplanade & 3:00 Portal,06:00 PM – 07:30 AM,UNKNOWN,,,,unknown,20,RSL 2026 PDF
Launchpad Infinity,launchpad infinity,WED PM — THU AM,8pm,MindShark,Psychedelic Beats,Esplanade & 3:00 Portal,06:00 PM – 07:30 AM,UNKNOWN,,,,unknown,20,RSL 2026 PDF
Cieux,cieux,WED PM — THU AM,10pm,MindShark,Psychedelic Beats,Esplanade & 3:00 Portal,06:00 PM – 07:30 AM,UNKNOWN,,,,unknown,20,RSL 2026 PDF
Lightmotif,lightmotif,WED PM — THU AM,11pm,MindShark,Psychedelic Beats,Esplanade & 3:00 Portal,06:00 PM – 07:30 AM,UNKNOWN,,,,unknown,20,RSL 2026 PDF
Bophonic,bophonic,WED PM — THU AM,12am,MindShark,Psychedelic Beats,Esplanade & 3:00 Portal,06:00 PM – 07:30 AM,UNKNOWN,,,,unknown,20,RSL 2026 PDF
Madder Daddy,madder daddy,WED PM — THU AM,1am,MindShark,Psychedelic Beats,Esplanade & 3:00 Portal,06:00 PM – 07:30 AM,UNKNOWN,,,,unknown,20,RSL 2026 PDF
PETRU KSS,petru kss,WED PM — THU AM,3am,MindShark,Psychedelic Beats,Esplanade & 3:00 Portal,06:00 PM – 07:30 AM,UNKNOWN,,,,unknown,20,RSL 2026 PDF
_REDACTED,_redacted,WED PM — THU AM,5am,MindShark,Psychedelic Beats,Esplanade & 3:00 Portal,06:00 PM – 07:30 AM,UNKNOWN,,,,unknown,20,RSL 2026 PDF
Dj Dan in Memomorium Archival Set,dj dan in memomorium archival set,WED PM — THU AM,4pm,Mindwerk,,D & 4:15,04:00 PM – 06:00 PM,UNKNOWN,,,,unknown,20,RSL 2026 PDF
Siren Gliss,siren gliss,WED PM — THU AM,12pm,Mist Connections,Mistic Matchmaking Mixer,B & 3:45,12:00 PM – 01:00 PM,UNKNOWN,,,,unknown,20,RSL 2026 PDF
Jakli,jakli,WED PM — THU AM,8pm,Mystic,Direct Transfer of Truth&Beauty,2:00 & F,08:00 PM – 06:30 AM,UNKNOWN,,,,unknown,20,RSL 2026 PDF
Museus,museus,WED PM — THU AM,9pm,Mystic,Direct Transfer of Truth&Beauty,2:00 & F,08:00 PM – 06:30 AM,UNKNOWN,,,,unknown,20,RSL 2026 PDF
Mel Seme,mel seme,WED PM — THU AM,10pm,Mystic,Direct Transfer of Truth&Beauty,2:00 & F,08:00 PM – 06:30 AM,UNKNOWN,,,,unknown,20,RSL 2026 PDF
The Human Experience,the human experience,WED PM — THU AM,11pm,Mystic,Direct Transfer of Truth&Beauty,2:00 & F,08:00 PM – 06:30 AM,UNKNOWN,,,,unknown,20,RSL 2026 PDF
Jo.Ke,jo.ke,WED PM — THU AM,12am,Mystic,Direct Transfer of Truth&Beauty,2:00 & F,08:00 PM – 06:30 AM,UNKNOWN,,,,unknown,20,RSL 2026 PDF
Deer Jade,deer jade,WED PM — THU AM,1am,Mystic,Direct Transfer of Truth&Beauty,2:00 & F,08:00 PM – 06:30 AM,UNKNOWN,,,,unknown,20,RSL 2026 PDF
Angélica Möller,angélica möller,WED PM — THU AM,2am,Mystic,Direct Transfer of Truth&Beauty,2:00 & F,08:00 PM – 06:30 AM,UNKNOWN,,,,unknown,20,RSL 2026 PDF
Alaya,alaya,WED PM — THU AM,4am,Mystic,Direct Transfer of Truth&Beauty,2:00 & F,08:00 PM – 06:30 AM,UNKNOWN,,,,unknown,20,RSL 2026 PDF
WellSee,wellsee,WED PM — THU AM,5am,Mystic,Direct Transfer of Truth&Beauty,2:00 & F,08:00 PM – 06:30 AM,UNKNOWN,,,,unknown,20,RSL 2026 PDF
DJ Zip Disk,dj zip disk,WED PM — THU AM,6:15am,Mystic,Direct Transfer of Truth&Beauty,2:00 & F,08:00 PM – 06:30 AM,UNKNOWN,,,,unknown,20,RSL 2026 PDF
Sage Farris,sage farris,WED PM — THU AM,8pm,Never Sleep Again,Night bloom happy hour,8:30 & F,08:00 PM – 01:30 AM,UNKNOWN,,,,unknown,20,RSL 2026 PDF
Akira,akira,WED PM — THU AM,9pm,Never Sleep Again,Night bloom happy hour,8:30 & F,08:00 PM – 01:30 AM,UNKNOWN,,,,unknown,20,RSL 2026 PDF
Christian Voldstad,christian voldstad,WED PM — THU AM,10:30pm,Never Sleep Again,Night bloom happy hour,8:30 & F,08:00 PM – 01:30 AM,UNKNOWN,,,,unknown,20,RSL 2026 PDF
David Hohme,david hohme,WED PM — THU AM,12am,Never Sleep Again,Night bloom happy hour,8:30 & F,08:00 PM – 01:30 AM,UNKNOWN,,,,unknown,20,RSL 2026 PDF
Alyssa,alyssa,WED PM — THU AM,8pm,Opulent Temple,Sacred Dance AKA The White Party,Esplanade & 10:00,08:00 PM – 07:30 AM,UNKNOWN,,,,unknown,20,RSL 2026 PDF
Offskee,offskee,WED PM — THU AM,9pm,Opulent Temple,Sacred Dance AKA The White Party,Esplanade & 10:00,08:00 PM – 07:30 AM,UNKNOWN,,,,unknown,20,RSL 2026 PDF
Syd Gris,syd gris,WED PM — THU AM,10pm,Opulent Temple,Sacred Dance AKA The White Party,Esplanade & 10:00,08:00 PM – 07:30 AM,UNKNOWN,,,,unknown,20,RSL 2026 PDF
Doozie,doozie,WED PM — THU AM,11pm,Opulent Temple,Sacred Dance AKA The White Party,Esplanade & 10:00,08:00 PM – 07:30 AM,UNKNOWN,,,,unknown,20,RSL 2026 PDF
Vintage Culture,vintage culture,WED PM — THU AM,12am,Opulent Temple,Sacred Dance AKA The White Party,Esplanade & 10:00,08:00 PM – 07:30 AM,UNKNOWN,,,,unknown,20,RSL 2026 PDF
Beltran,beltran,WED PM — THU AM,2am,Opulent Temple,Sacred Dance AKA The White Party,Esplanade & 10:00,08:00 PM – 07:30 AM,UNKNOWN,,,,unknown,20,RSL 2026 PDF
Grammar,grammar,WED PM — THU AM,4am,Opulent Temple,Sacred Dance AKA The White Party,Esplanade & 10:00,08:00 PM – 07:30 AM,UNKNOWN,,,,unknown,20,RSL 2026 PDF
CЯSPY,cяspy,WED PM — THU AM,5am,Opulent Temple,Sacred Dance AKA The White Party,Esplanade & 10:00,08:00 PM – 07:30 AM,UNKNOWN,,,,unknown,20,RSL 2026 PDF
Madison Orange (Sunrise Set),madison orange (sunrise set),WED PM — THU AM,6am,Opulent Temple,Sacred Dance AKA The White Party,Esplanade & 10:00,08:00 PM – 07:30 AM,UNKNOWN,,,,unknown,20,RSL 2026 PDF
"Hypnotic, Groove, Underground Techno","hypnotic, groove, underground techno",WED PM — THU AM,9pm,Primitive Obsession,Red.It.Be Berlin Techno at 215C,,09:00 PM – 12:00 PM,UNKNOWN,,,,unknown,20,RSL 2026 PDF
"Hypnotic, Groove, Underground Techno","hypnotic, groove, underground techno",WED PM — THU AM,5am,Primitive Obsession,Red.It.Be Berlin Techno at 215C,,09:00 PM – 12:00 PM,UNKNOWN,,,,unknown,20,RSL 2026 PDF
Seraphiel,seraphiel,WED PM — THU AM,6pm,Rippers Row,White Walrus Whomp,3:00 Portal & A,06:00 PM – 12:00 AM,UNKNOWN,,,,unknown,21,RSL 2026 PDF
Don Rage,don rage,WED PM — THU AM,7:30pm,Rippers Row,White Walrus Whomp,3:00 Portal & A,06:00 PM – 12:00 AM,UNKNOWN,,,,unknown,21,RSL 2026 PDF
L'Core,l'core,WED PM — THU AM,9pm,Rippers Row,White Walrus Whomp,3:00 Portal & A,06:00 PM – 12:00 AM,UNKNOWN,,,,unknown,21,RSL 2026 PDF
Petty,petty,WED PM — THU AM,10:30pm,Rippers Row,White Walrus Whomp,3:00 Portal & A,06:00 PM – 12:00 AM,UNKNOWN,,,,unknown,21,RSL 2026 PDF
Parra for Cuva x Dan + Jasmine,parra for cuva x dan + jasmine,WED PM — THU AM,7:30pm,Robot Heart Collab,,Apotheneum,07:30 PM – 10:30 PM,UNKNOWN,,,,unknown,21,RSL 2026 PDF
Jo.Ke x Dan + Jasmine,jo.ke x dan + jasmine,WED PM — THU AM,9pm,Robot Heart Collab,,Apotheneum,07:30 PM – 10:30 PM,UNKNOWN,,,,unknown,21,RSL 2026 PDF
Izze Azalea,izze azalea,WED PM — THU AM,1pm,Salty Jacks,Baewatch Open Casting Party,9:00 & F,01:00 PM – 08:00 PM,UNKNOWN,,,,unknown,21,RSL 2026 PDF
GOMA,goma,WED PM — THU AM,2pm,Salty Jacks,Baewatch Open Casting Party,9:00 & F,01:00 PM – 08:00 PM,UNKNOWN,,,,unknown,21,RSL 2026 PDF
DJ RHYTHMX,dj rhythmx,WED PM — THU AM,3pm,Salty Jacks,Baewatch Open Casting Party,9:00 & F,01:00 PM – 08:00 PM,UNKNOWN,,,,unknown,21,RSL 2026 PDF
Roxanne Roll,roxanne roll,WED PM — THU AM,4pm,Salty Jacks,Baewatch Open Casting Party,9:00 & F,01:00 PM – 08:00 PM,UNKNOWN,,,,unknown,21,RSL 2026 PDF
Jimmy Hits,jimmy hits,WED PM — THU AM,5pm,Salty Jacks,Baewatch Open Casting Party,9:00 & F,01:00 PM – 08:00 PM,UNKNOWN,,,,unknown,21,RSL 2026 PDF
Black Panda,black panda,WED PM — THU AM,6pm,Salty Jacks,Baewatch Open Casting Party,9:00 & F,01:00 PM – 08:00 PM,UNKNOWN,,,,unknown,21,RSL 2026 PDF
Adam Iko,adam iko,WED PM — THU AM,7pm,Salty Jacks,Baewatch Open Casting Party,9:00 & F,01:00 PM – 08:00 PM,UNKNOWN,,,,unknown,21,RSL 2026 PDF
Chowdahdog,chowdahdog,WED PM — THU AM,3pm,Second Rodeo,Self Care Saloon,8:30 & E,03:00 PM – 06:00 PM,UNKNOWN,,,,unknown,21,RSL 2026 PDF
Michael Okimoto,michael okimoto,WED PM — THU AM,5pm,Sil-vi,Sunset Deep House Mission,On The Playa,05:00 PM – 09:00 PM,UNKNOWN,,,,unknown,21,RSL 2026 PDF
Nasty Nate,nasty nate,WED PM — THU AM,6pm,Sil-vi,Sunset Deep House Mission,On The Playa,05:00 PM – 09:00 PM,UNKNOWN,,,,unknown,21,RSL 2026 PDF
Grant Kaye,grant kaye,WED PM — THU AM,7pm,Sil-vi,Sunset Deep House Mission,On The Playa,05:00 PM – 09:00 PM,UNKNOWN,,,,unknown,21,RSL 2026 PDF
Idiot Savant,idiot savant,WED PM — THU AM,8pm,Sil-vi,Sunset Deep House Mission,On The Playa,05:00 PM – 09:00 PM,UNKNOWN,,,,unknown,21,RSL 2026 PDF
Rajelvis,rajelvis,WED PM — THU AM,9pm,Sil-vi,Bojon and Cohere Collab,On The Playa,09:00 PM – 05:00 AM,UNKNOWN,,,,unknown,21,RSL 2026 PDF
Ramzi,ramzi,WED PM — THU AM,10pm,Sil-vi,Bojon and Cohere Collab,On The Playa,09:00 PM – 05:00 AM,UNKNOWN,,,,unknown,21,RSL 2026 PDF
Mike S,mike s,WED PM — THU AM,11pm,Sil-vi,Bojon and Cohere Collab,On The Playa,09:00 PM – 05:00 AM,UNKNOWN,,,,unknown,21,RSL 2026 PDF
Ruxputin,ruxputin,WED PM — THU AM,12am,Sil-vi,Bojon and Cohere Collab,On The Playa,09:00 PM – 05:00 AM,UNKNOWN,,,,unknown,21,RSL 2026 PDF
Gentry,gentry,WED PM — THU AM,1am,Sil-vi,Bojon and Cohere Collab,On The Playa,09:00 PM – 05:00 AM,UNKNOWN,,,,unknown,21,RSL 2026 PDF
Spectator,spectator,WED PM — THU AM,2am,Sil-vi,Bojon and Cohere Collab,On The Playa,09:00 PM – 05:00 AM,UNKNOWN,,,,unknown,21,RSL 2026 PDF
RAZL,razl,WED PM — THU AM,3am,Sil-vi,Bojon and Cohere Collab,On The Playa,09:00 PM – 05:00 AM,UNKNOWN,,,,unknown,21,RSL 2026 PDF
Fabio,fabio,WED PM — THU AM,1pm,Smile High,"""Corporate Waffle Retreat""",Above and Below,01:00 PM – 06:00 PM,UNKNOWN,,,,unknown,21,RSL 2026 PDF
Ryan Das,ryan das,WED PM — THU AM,2pm,Smile High,"""Corporate Waffle Retreat""",Above and Below,01:00 PM – 06:00 PM,UNKNOWN,,,,unknown,21,RSL 2026 PDF
Ivo Naries,ivo naries,WED PM — THU AM,3pm,Smile High,"""Corporate Waffle Retreat""",Above and Below,01:00 PM – 06:00 PM,UNKNOWN,,,,unknown,21,RSL 2026 PDF
illich Mujica b2b Hedda Stenberg,illich mujica b2b hedda stenberg,WED PM — THU AM,4pm,Smile High,"""Corporate Waffle Retreat""",Above and Below,01:00 PM – 06:00 PM,UNKNOWN,,,,unknown,21,RSL 2026 PDF
Bread Again,bread again,WED PM — THU AM,6pm,Snark Bar,A Snarky Sunset,9:00 B Plaza @ 1:15,06:00 PM – 09:00 PM,UNKNOWN,,,,unknown,21,RSL 2026 PDF
DJ ABT,dj abt,WED PM — THU AM,6:45pm,Snark Bar,A Snarky Sunset,9:00 B Plaza @ 1:15,06:00 PM – 09:00 PM,UNKNOWN,,,,unknown,21,RSL 2026 PDF
Two friends,two friends,WED PM — THU AM,7:30pm,Snark Bar,A Snarky Sunset,9:00 B Plaza @ 1:15,06:00 PM – 09:00 PM,UNKNOWN,,,,unknown,21,RSL 2026 PDF
&ILY,&ily,WED PM — THU AM,3pm,Solarpunks,,2:00 & K,03:00 PM – 07:00 PM,UNKNOWN,,,,unknown,21,RSL 2026 PDF
TYLIN,tylin,WED PM — THU AM,5pm,Solarpunks,,2:00 & K,03:00 PM – 07:00 PM,UNKNOWN,,,,unknown,21,RSL 2026 PDF
Cockfight,cockfight,WED PM — THU AM,4pm,Spanky's Wine Bar,Cum to prom,7:30 & E,04:00 PM – 04:00 AM,UNKNOWN,,,,unknown,21,RSL 2026 PDF
Charlie Hustle,charlie hustle,WED PM — THU AM,8pm,Spanky's Wine Bar,Cum to prom,7:30 & E,04:00 PM – 04:00 AM,UNKNOWN,,,,unknown,21,RSL 2026 PDF
Mobad,mobad,WED PM — THU AM,10pm,Spanky's Wine Bar,Cum to prom,7:30 & E,04:00 PM – 04:00 AM,UNKNOWN,,,,unknown,21,RSL 2026 PDF
CRSPY,crspy,WED PM — THU AM,12am,Spanky's Wine Bar,Cum to prom,7:30 & E,04:00 PM – 04:00 AM,UNKNOWN,,,,unknown,21,RSL 2026 PDF
Thiccboi Drewski,thiccboi drewski,WED PM — THU AM,2am,Spanky's Wine Bar,Cum to prom,7:30 & E,04:00 PM – 04:00 AM,UNKNOWN,,,,unknown,21,RSL 2026 PDF
Lazwell,lazwell,WED PM — THU AM,6pm,Spanky's Wine Bar,,7:30 & E,06:00 PM – 08:00 PM,UNKNOWN,,,,unknown,21,RSL 2026 PDF
Nheré,nheré,WED PM — THU AM,7pm,The Lighthouse,,On The Playa,07:00 PM – 03:00 AM,UNKNOWN,,,,unknown,21,RSL 2026 PDF
BRAC,brac,WED PM — THU AM,9pm,The Lighthouse,,On The Playa,07:00 PM – 03:00 AM,UNKNOWN,,,,unknown,21,RSL 2026 PDF
Victor Souz,victor souz,WED PM — THU AM,11pm,The Lighthouse,,On The Playa,07:00 PM – 03:00 AM,UNKNOWN,,,,unknown,21,RSL 2026 PDF
Mario Lui,mario lui,WED PM — THU AM,1am,The Lighthouse,,On The Playa,07:00 PM – 03:00 AM,UNKNOWN,,,,unknown,21,RSL 2026 PDF
Monobase b2b Nevos,monobase b2b nevos,WED PM — THU AM,7am,The Melon Motel,Playa Animals Party,2:00 & I,07:00 AM – 12:00 PM,UNKNOWN,,,,unknown,21,RSL 2026 PDF
Kimonos,kimonos,WED PM — THU AM,9am,The Melon Motel,Playa Animals Party,2:00 & I,07:00 AM – 12:00 PM,UNKNOWN,,,,unknown,21,RSL 2026 PDF
Reza,reza,WED PM — THU AM,12pm,The Sound Garden,,2:00 & E,12:00 PM – 08:30 AM,UNKNOWN,,,,unknown,21,RSL 2026 PDF
Akira (BE),akira (be),WED PM — THU AM,1pm,The Sound Garden,,2:00 & E,12:00 PM – 08:30 AM,UNKNOWN,,,,unknown,21,RSL 2026 PDF
Lost Desert,lost desert,WED PM — THU AM,3pm,The Sound Garden,,2:00 & E,12:00 PM – 08:30 AM,UNKNOWN,,,,unknown,21,RSL 2026 PDF
Maddy O'NEAL,maddy o'neal,WED PM — THU AM,5pm,The Sound Garden,,2:00 & E,12:00 PM – 08:30 AM,UNKNOWN,,,,unknown,21,RSL 2026 PDF
SOL△RIS B2B OnTheFritz,sol△ris b2b onthefritz,WED PM — THU AM,6:30pm,The Sound Garden,,2:00 & E,12:00 PM – 08:30 AM,UNKNOWN,,,,unknown,21,RSL 2026 PDF
Tonic Walter,tonic walter,WED PM — THU AM,8pm,The Sound Garden,,2:00 & E,12:00 PM – 08:30 AM,UNKNOWN,,,,unknown,21,RSL 2026 PDF
illich Mujica,illich mujica,WED PM — THU AM,10pm,The Sound Garden,,2:00 & E,12:00 PM – 08:30 AM,UNKNOWN,,,,unknown,21,RSL 2026 PDF
Natascha Polké,natascha polké,WED PM — THU AM,12am,The Sound Garden,,2:00 & E,12:00 PM – 08:30 AM,UNKNOWN,,,,unknown,21,RSL 2026 PDF
Avi Snow,avi snow,WED PM — THU AM,2am,The Sound Garden,,2:00 & E,12:00 PM – 08:30 AM,UNKNOWN,,,,unknown,21,RSL 2026 PDF
Yanis,yanis,WED PM — THU AM,4am,The Sound Garden,,2:00 & E,12:00 PM – 08:30 AM,UNKNOWN,,,,unknown,21,RSL 2026 PDF
Caro Libertad,caro libertad,WED PM — THU AM,5:30am,The Sound Garden,,2:00 & E,12:00 PM – 08:30 AM,UNKNOWN,,,,unknown,21,RSL 2026 PDF
Miss GiGi,miss gigi,WED PM — THU AM,7am,The Sound Garden,,2:00 & E,12:00 PM – 08:30 AM,UNKNOWN,,,,unknown,21,RSL 2026 PDF
Théo Wizman,théo wizman,WED PM — THU AM,4pm,Twilight language,Music. Art. Shade. A/C. Pizza!,10:00 & I,04:00 PM – 04:30 AM,UNKNOWN,,,,unknown,22,RSL 2026 PDF
Nikita b2b bilaliwood,nikita b2b bilaliwood,WED PM — THU AM,5:30pm,Twilight language,Music. Art. Shade. A/C. Pizza!,10:00 & I,04:00 PM – 04:30 AM,UNKNOWN,,,,unknown,22,RSL 2026 PDF
Nitin,nitin,WED PM — THU AM,7pm,Twilight language,Music. Art. Shade. A/C. Pizza!,10:00 & I,04:00 PM – 04:30 AM,UNKNOWN,,,,unknown,22,RSL 2026 PDF
Dmak,dmak,WED PM — THU AM,8pm,Twilight language,Music. Art. Shade. A/C. Pizza!,10:00 & I,04:00 PM – 04:30 AM,UNKNOWN,,,,unknown,22,RSL 2026 PDF
Shawna,shawna,WED PM — THU AM,9pm,Twilight language,Music. Art. Shade. A/C. Pizza!,10:00 & I,04:00 PM – 04:30 AM,UNKNOWN,,,,unknown,22,RSL 2026 PDF
Josh Vincent,josh vincent,WED PM — THU AM,10pm,Twilight language,Music. Art. Shade. A/C. Pizza!,10:00 & I,04:00 PM – 04:30 AM,UNKNOWN,,,,unknown,22,RSL 2026 PDF
Artemistique,artemistique,WED PM — THU AM,11pm,Twilight language,Music. Art. Shade. A/C. Pizza!,10:00 & I,04:00 PM – 04:30 AM,UNKNOWN,,,,unknown,22,RSL 2026 PDF
Roxanne Roll,roxanne roll,WED PM — THU AM,12am,Twilight language,Music. Art. Shade. A/C. Pizza!,10:00 & I,04:00 PM – 04:30 AM,UNKNOWN,,,,unknown,22,RSL 2026 PDF
Duke Shin,duke shin,WED PM — THU AM,1am,Twilight language,Music. Art. Shade. A/C. Pizza!,10:00 & I,04:00 PM – 04:30 AM,UNKNOWN,,,,unknown,22,RSL 2026 PDF
Holmar b2b Dax Lee,holmar b2b dax lee,WED PM — THU AM,2:30am,Twilight language,Music. Art. Shade. A/C. Pizza!,10:00 & I,04:00 PM – 04:30 AM,UNKNOWN,,,,unknown,22,RSL 2026 PDF
Elyse,elyse,WED PM — THU AM,1pm,U.F.O.,Spa Day Party,E & 7:45,01:00 PM – 06:00 PM,UNKNOWN,,,,unknown,22,RSL 2026 PDF
Off Duty,off duty,WED PM — THU AM,2pm,U.F.O.,Spa Day Party,E & 7:45,01:00 PM – 06:00 PM,UNKNOWN,,,,unknown,22,RSL 2026 PDF
Sam Drank b2b gargar,sam drank b2b gargar,WED PM — THU AM,3pm,U.F.O.,Spa Day Party,E & 7:45,01:00 PM – 06:00 PM,UNKNOWN,,,,unknown,22,RSL 2026 PDF
Moondrop,moondrop,WED PM — THU AM,4pm,U.F.O.,Spa Day Party,E & 7:45,01:00 PM – 06:00 PM,UNKNOWN,,,,unknown,22,RSL 2026 PDF
Eliana Silviera,eliana silviera,WED PM — THU AM,5pm,U.F.O.,Spa Day Party,E & 7:45,01:00 PM – 06:00 PM,UNKNOWN,,,,unknown,22,RSL 2026 PDF
Seth Schwarz,seth schwarz,WED PM — THU AM,12pm,Venice Red Light,Red Light Therapy,2:00 & 2:00 B Plaza,12:00 PM – 04:00 PM,UNKNOWN,,,,unknown,22,RSL 2026 PDF
Asli Kose,asli kose,WED PM — THU AM,2pm,Venice Red Light,Red Light Therapy,2:00 & 2:00 B Plaza,12:00 PM – 04:00 PM,UNKNOWN,,,,unknown,22,RSL 2026 PDF
Special Guest,special guest,WED PM — THU AM,4am,Venice Red Light,Red Light Therapy,2:00 & 2:00 B Plaza,04:00 AM – 12:00 PM,UNKNOWN,,,,unknown,22,RSL 2026 PDF
Shaun Reeves,shaun reeves,WED PM — THU AM,6am,Venice Red Light,Red Light Therapy,2:00 & 2:00 B Plaza,04:00 AM – 12:00 PM,UNKNOWN,,,,unknown,22,RSL 2026 PDF
Justin Shaffer,justin shaffer,WED PM — THU AM,8am,Venice Red Light,Red Light Therapy,2:00 & 2:00 B Plaza,04:00 AM – 12:00 PM,UNKNOWN,,,,unknown,22,RSL 2026 PDF
Aline Brooklyn b2b David Triana,aline brooklyn b2b david triana,WED PM — THU AM,10am,Venice Red Light,Red Light Therapy,2:00 & 2:00 B Plaza,04:00 AM – 12:00 PM,UNKNOWN,,,,unknown,22,RSL 2026 PDF
Stephan May,stephan may,WED PM — THU AM,9am,Waffles & House,,8:30 & C,09:00 AM – 12:00 PM,UNKNOWN,,,,unknown,22,RSL 2026 PDF
&ILY,&ily,WED PM — THU AM,10:30am,Waffles & House,,8:30 & C,09:00 AM – 12:00 PM,UNKNOWN,,,,unknown,22,RSL 2026 PDF
Artemistique,artemistique,WED PM — THU AM,7pm,XUZA,10 Year Anniversary Sunset Party,Esplanade & 4:00,07:00 PM – 01:00 AM,UNKNOWN,,,,unknown,22,RSL 2026 PDF
Deniz Reno,deniz reno,WED PM — THU AM,8:30pm,XUZA,10 Year Anniversary Sunset Party,Esplanade & 4:00,07:00 PM – 01:00 AM,UNKNOWN,,,,unknown,22,RSL 2026 PDF
Xinobi,xinobi,WED PM — THU AM,10pm,XUZA,10 Year Anniversary Sunset Party,Esplanade & 4:00,07:00 PM – 01:00 AM,UNKNOWN,,,,unknown,22,RSL 2026 PDF
Luch,luch,WED PM — THU AM,11:30pm,XUZA,10 Year Anniversary Sunset Party,Esplanade & 4:00,07:00 PM – 01:00 AM,UNKNOWN,,,,unknown,22,RSL 2026 PDF
Elysian Moon,elysian moon,WED PM — THU AM,5:30am,XUZA,Sunrise Magic,Trash Fence,05:30 AM – 08:30 AM,UNKNOWN,,,,unknown,22,RSL 2026 PDF
Mobâd,mobâd,THU PM — FRI AM,2:30pm,¡AXOLOTL! The Earth Guardian,Temple Builders Art Tour,On The Playa,02:30 PM – 05:30 PM,UNKNOWN,,,,unknown,23,RSL 2026 PDF
CHÁ,chá,THU PM — FRI AM,4pm,¡AXOLOTL! The Earth Guardian,Temple Builders Art Tour,On The Playa,02:30 PM – 05:30 PM,UNKNOWN,,,,unknown,23,RSL 2026 PDF
Black Rock Philharmonic,black rock philharmonic,THU PM — FRI AM,5:30pm,¡AXOLOTL! The Earth Guardian,Philharmonic Listening Party,Titanic,05:30 PM – 07:00 PM,UNKNOWN,,,,unknown,23,RSL 2026 PDF
Louis The Child,louis the child,THU PM — FRI AM,7:30pm,¡AXOLOTL! The Earth Guardian,NODE Takeover,Eiffela Broken Dream,07:30 PM – 09:00 PM,UNKNOWN,,,,unknown,23,RSL 2026 PDF
Sasta,sasta,THU PM — FRI AM,9pm,¡AXOLOTL! The Earth Guardian,NODE Takeover,On The Playa,09:00 PM – 07:00 AM,UNKNOWN,,,,unknown,23,RSL 2026 PDF
Bridget B,bridget b,THU PM — FRI AM,10:30pm,¡AXOLOTL! The Earth Guardian,NODE Takeover,On The Playa,09:00 PM – 07:00 AM,UNKNOWN,,,,unknown,23,RSL 2026 PDF
Node Camp Residents,node camp residents,THU PM — FRI AM,12am,¡AXOLOTL! The Earth Guardian,NODE Takeover,On The Playa,09:00 PM – 07:00 AM,UNKNOWN,,,,unknown,23,RSL 2026 PDF
Louis The Child,louis the child,THU PM — FRI AM,4am,¡AXOLOTL! The Earth Guardian,NODE Takeover,On The Playa,09:00 PM – 07:00 AM,UNKNOWN,,,,unknown,23,RSL 2026 PDF
Gabi Musayev,gabi musayev,THU PM — FRI AM,5:30am,¡AXOLOTL! The Earth Guardian,NODE Takeover,On The Playa,09:00 PM – 07:00 AM,UNKNOWN,,,,unknown,23,RSL 2026 PDF
Monkeywrench,monkeywrench,THU PM — FRI AM,12pm,Alternative Energy Zone,KAEZ radio 96.3fm,3:30 & E,12:00 PM – 08:00 PM,UNKNOWN,,,,unknown,23,RSL 2026 PDF
E!,e!,THU PM — FRI AM,2pm,Alternative Energy Zone,KAEZ radio 96.3fm,3:30 & E,12:00 PM – 08:00 PM,UNKNOWN,,,,unknown,23,RSL 2026 PDF
Starbuck,starbuck,THU PM — FRI AM,4pm,Alternative Energy Zone,KAEZ radio 96.3fm,3:30 & E,12:00 PM – 08:00 PM,UNKNOWN,,,,unknown,23,RSL 2026 PDF
B-Side,b-side,THU PM — FRI AM,6pm,Alternative Energy Zone,KAEZ radio 96.3fm,3:30 & E,12:00 PM – 08:00 PM,UNKNOWN,,,,unknown,23,RSL 2026 PDF
Justin,justin,THU PM — FRI AM,10am,Alternative Energy Zone,KAEZ radio 96.3fm,3:30 & E,10:00 AM – 12:00 PM,UNKNOWN,,,,unknown,23,RSL 2026 PDF
Rusty Thronbone,rusty thronbone,THU PM — FRI AM,5:30pm,Altitude Lounge,,B & 8:15,05:30 PM – 08:30 PM,UNKNOWN,,,,unknown,23,RSL 2026 PDF
DJ Swamp Thing,dj swamp thing,THU PM — FRI AM,6:30pm,Altitude Lounge,,B & 8:15,05:30 PM – 08:30 PM,UNKNOWN,,,,unknown,23,RSL 2026 PDF
Henry Mah,henry mah,THU PM — FRI AM,9pm,Ashram Galactica,,9:00 & J,09:00 PM – 08:00 AM,UNKNOWN,,,,unknown,23,RSL 2026 PDF
MASSIO,massio,THU PM — FRI AM,10:30pm,Ashram Galactica,,9:00 & J,09:00 PM – 08:00 AM,UNKNOWN,,,,unknown,23,RSL 2026 PDF
OVEOUS,oveous,THU PM — FRI AM,12am,Ashram Galactica,,9:00 & J,09:00 PM – 08:00 AM,UNKNOWN,,,,unknown,23,RSL 2026 PDF
OBA+FLIP,oba+flip,THU PM — FRI AM,2am,Ashram Galactica,,9:00 & J,09:00 PM – 08:00 AM,UNKNOWN,,,,unknown,23,RSL 2026 PDF
Lee Mayjahs?,lee mayjahs?,THU PM — FRI AM,4am,Ashram Galactica,,9:00 & J,09:00 PM – 08:00 AM,UNKNOWN,,,,unknown,23,RSL 2026 PDF
Metonymy,metonymy,THU PM — FRI AM,8:30pm,Astral Lab,36 Hour Ritual in Trance Part 1,10:00 & F,08:30 PM – 08:00 AM,UNKNOWN,,,,unknown,23,RSL 2026 PDF
Dica,dica,THU PM — FRI AM,10pm,Astral Lab,36 Hour Ritual in Trance Part 1,10:00 & F,08:30 PM – 08:00 AM,UNKNOWN,,,,unknown,23,RSL 2026 PDF
Mind Vibration,mind vibration,THU PM — FRI AM,11:30pm,Astral Lab,36 Hour Ritual in Trance Part 1,10:00 & F,08:30 PM – 08:00 AM,UNKNOWN,,,,unknown,23,RSL 2026 PDF
DJ Thuk Noche,dj thuk noche,THU PM — FRI AM,1:30am,Astral Lab,36 Hour Ritual in Trance Part 1,10:00 & F,08:30 PM – 08:00 AM,UNKNOWN,,,,unknown,23,RSL 2026 PDF
Entropic,entropic,THU PM — FRI AM,6am,Astral Lab,36 Hour Ritual in Trance Part 1,10:00 & F,08:30 PM – 08:00 AM,UNKNOWN,,,,unknown,23,RSL 2026 PDF
Maximizer,maximizer,THU PM — FRI AM,8am,Astral Lab,36 Hour Ritual In Trance Part 2,10:00 & F,08:00 AM – 12:00 PM,UNKNOWN,,,,unknown,23,RSL 2026 PDF
Mongo,mongo,THU PM — FRI AM,9:30am,Astral Lab,36 Hour Ritual In Trance Part 2,10:00 & F,08:00 AM – 12:00 PM,UNKNOWN,,,,unknown,23,RSL 2026 PDF
Aerobix,aerobix,THU PM — FRI AM,11am,Astral Lab,36 Hour Ritual In Trance Part 2,10:00 & F,08:00 AM – 12:00 PM,UNKNOWN,,,,unknown,23,RSL 2026 PDF
Formica,formica,THU PM — FRI AM,8pm,Awkward & Tawdry Lounge,,Esplanade & 7:15,08:00 PM – 10:00 PM,UNKNOWN,,,,unknown,23,RSL 2026 PDF
DAD SF,dad sf,THU PM — FRI AM,9pm,BAAAHS,Burning DAD,On The Playa,09:00 PM – 06:00 AM,UNKNOWN,,,,unknown,23,RSL 2026 PDF
BAAAHS DJs,baaahs djs,THU PM — FRI AM,10pm,BAAAHS,Until the Sheep Cum Home,Deep Playa,10:00 PM – 06:00 AM,UNKNOWN,,,,unknown,23,RSL 2026 PDF
CK9 & Dash,ck9 & dash,THU PM — FRI AM,4pm,Bad Asstronauts,PLUR Pups Takeover,7:30 B Plaza @ 9:45,04:00 PM – 07:00 PM,UNKNOWN,,,,unknown,23,RSL 2026 PDF
Truprwulf,truprwulf,THU PM — FRI AM,7pm,Bad Asstronauts,AsstroNUTS,7:30 B Plaza @ 9:45,07:00 PM – 12:00 AM,UNKNOWN,,,,unknown,23,RSL 2026 PDF
DJ P3tunia,dj p3tunia,THU PM — FRI AM,8pm,Bad Asstronauts,AsstroNUTS,7:30 B Plaza @ 9:45,07:00 PM – 12:00 AM,UNKNOWN,,,,unknown,23,RSL 2026 PDF
Josh Forster,josh forster,THU PM — FRI AM,9pm,Bad Asstronauts,AsstroNUTS,7:30 B Plaza @ 9:45,07:00 PM – 12:00 AM,UNKNOWN,,,,unknown,23,RSL 2026 PDF
Major Trouble,major trouble,THU PM — FRI AM,10pm,Bad Asstronauts,AsstroNUTS,7:30 B Plaza @ 9:45,07:00 PM – 12:00 AM,UNKNOWN,,,,unknown,23,RSL 2026 PDF
The Cheek on the Left,the cheek on the left,THU PM — FRI AM,5pm,Best Butt,Seuss Your Caboose x Booty Hour,B & 8:45,05:00 PM – 07:00 PM,UNKNOWN,,,,unknown,23,RSL 2026 PDF
The Great Habaneroo,the great habaneroo,THU PM — FRI AM,6pm,Best Butt,Seuss Your Caboose x Booty Hour,B & 8:45,05:00 PM – 07:00 PM,UNKNOWN,,,,unknown,23,RSL 2026 PDF
BRP feat. Playa Choir,brp feat. playa choir,THU PM — FRI AM,6pm,Black Rock Philharmonic,w/ The Playa Choir,Titanic,06:00 PM – 07:00 PM,UNKNOWN,,,,unknown,23,RSL 2026 PDF
Black Rock Philharmonic,black rock philharmonic,THU PM — FRI AM,6pm,Black Rock Philharmonic,,Lookout!,06:00 PM – 07:00 PM,UNKNOWN,,,,unknown,24,RSL 2026 PDF
Black Rock Philharmonic,black rock philharmonic,THU PM — FRI AM,9am,Black Rock Philharmonic,,Temple of the Moon,09:00 AM – 10:00 AM,UNKNOWN,,,,unknown,24,RSL 2026 PDF
Danger Ranger,danger ranger,THU PM — FRI AM,1pm,Black Rock Travel Agency,ShoutingFire/Radio Electra 99.5,Airport Road,12:00 PM – 12:00 AM,UNKNOWN,,,,unknown,24,RSL 2026 PDF
KAEZ Simulcast,kaez simulcast,THU PM — FRI AM,3pm,Black Rock Travel Agency,ShoutingFire/Radio Electra 99.5,Airport Road,12:00 PM – 12:00 AM,UNKNOWN,,,,unknown,24,RSL 2026 PDF
BemmeR Presents,bemmer presents,THU PM — FRI AM,8pm,Black Rock Travel Agency,ShoutingFire/Radio Electra 99.5,Airport Road,12:00 PM – 12:00 AM,UNKNOWN,,,,unknown,24,RSL 2026 PDF
Wolverine,wolverine,THU PM — FRI AM,10pm,Black Rock Travel Agency,ShoutingFire/Radio Electra 99.5,Airport Road,12:00 PM – 12:00 AM,UNKNOWN,,,,unknown,24,RSL 2026 PDF
Alien Worlds,alien worlds,THU PM — FRI AM,12am,Black Rock Travel Agency,ShoutingFire/Radio Electra 99.5,Airport Road,12:00 AM – 12:00 PM,UNKNOWN,,,,unknown,24,RSL 2026 PDF
Burning Man Live,burning man live,THU PM — FRI AM,10am,Black Rock Travel Agency,ShoutingFire/Radio Electra 99.5,Airport Road,12:00 AM – 12:00 PM,UNKNOWN,,,,unknown,24,RSL 2026 PDF
Goku,goku,THU PM — FRI AM,10pm,Blue Bull,Raccoons take over,Deep Playa,10:00 PM – 07:00 AM,UNKNOWN,,,,unknown,24,RSL 2026 PDF
Kristjan,kristjan,THU PM — FRI AM,11pm,Blue Bull,Raccoons take over,Deep Playa,10:00 PM – 07:00 AM,UNKNOWN,,,,unknown,24,RSL 2026 PDF
Onelife,onelife,THU PM — FRI AM,1am,Blue Bull,Raccoons take over,Deep Playa,10:00 PM – 07:00 AM,UNKNOWN,,,,unknown,24,RSL 2026 PDF
Moon Lemonade,moon lemonade,THU PM — FRI AM,3am,Blue Bull,Raccoons take over,Deep Playa,10:00 PM – 07:00 AM,UNKNOWN,,,,unknown,24,RSL 2026 PDF
More TBA,more tba,THU PM — FRI AM,5am,Blue Bull,Raccoons take over,Deep Playa,10:00 PM – 07:00 AM,UNKNOWN,,,,unknown,24,RSL 2026 PDF
Sidequest,sidequest,THU PM — FRI AM,12pm,BMIR,94.5 FM The Voice of the Man,Esplanade & 5:45,12:00 PM – 12:00 AM,UNKNOWN,,,,unknown,24,RSL 2026 PDF
Doom,doom,THU PM — FRI AM,2pm,BMIR,94.5 FM The Voice of the Man,Esplanade & 5:45,12:00 PM – 12:00 AM,UNKNOWN,,,,unknown,24,RSL 2026 PDF
Double Impact,double impact,THU PM — FRI AM,4pm,BMIR,94.5 FM The Voice of the Man,Esplanade & 5:45,12:00 PM – 12:00 AM,UNKNOWN,,,,unknown,24,RSL 2026 PDF
The Professor,the professor,THU PM — FRI AM,6pm,BMIR,94.5 FM The Voice of the Man,Esplanade & 5:45,12:00 PM – 12:00 AM,UNKNOWN,,,,unknown,24,RSL 2026 PDF
Moldover,moldover,THU PM — FRI AM,8pm,BMIR,94.5 FM The Voice of the Man,Esplanade & 5:45,12:00 PM – 12:00 AM,UNKNOWN,,,,unknown,24,RSL 2026 PDF
Electric Angel,electric angel,THU PM — FRI AM,10pm,BMIR,94.5 FM The Voice of the Man,Esplanade & 5:45,12:00 PM – 12:00 AM,UNKNOWN,,,,unknown,24,RSL 2026 PDF
Vitamin B,vitamin b,THU PM — FRI AM,12am,BMIR,94.5 FM The Voice of the Man,Esplanade & 5:45,12:00 AM – 12:00 PM,UNKNOWN,,,,unknown,24,RSL 2026 PDF
Interrupt,interrupt,THU PM — FRI AM,2am,BMIR,94.5 FM The Voice of the Man,Esplanade & 5:45,12:00 AM – 12:00 PM,UNKNOWN,,,,unknown,24,RSL 2026 PDF
Iris,iris,THU PM — FRI AM,4am,BMIR,94.5 FM The Voice of the Man,Esplanade & 5:45,12:00 AM – 12:00 PM,UNKNOWN,,,,unknown,24,RSL 2026 PDF
special guest,special guest,THU PM — FRI AM,6am,BMIR,94.5 FM The Voice of the Man,Esplanade & 5:45,12:00 AM – 12:00 PM,UNKNOWN,,,,unknown,24,RSL 2026 PDF
Actiongrl,actiongrl,THU PM — FRI AM,8am,BMIR,94.5 FM The Voice of the Man,Esplanade & 5:45,12:00 AM – 12:00 PM,UNKNOWN,,,,unknown,24,RSL 2026 PDF
Face,face,THU PM — FRI AM,10am,BMIR,94.5 FM The Voice of the Man,Esplanade & 5:45,12:00 AM – 12:00 PM,UNKNOWN,,,,unknown,24,RSL 2026 PDF
LiquorBox,liquorbox,THU PM — FRI AM,12pm,Bubble Lounge,,7:30 B Plaza @ 3:45,12:00 PM – 08:00 PM,UNKNOWN,,,,unknown,24,RSL 2026 PDF
Bophonic,bophonic,THU PM — FRI AM,2pm,Bubble Lounge,,7:30 B Plaza @ 3:45,12:00 PM – 08:00 PM,UNKNOWN,,,,unknown,24,RSL 2026 PDF
Philip Evans,philip evans,THU PM — FRI AM,4pm,Bubble Lounge,,7:30 B Plaza @ 3:45,12:00 PM – 08:00 PM,UNKNOWN,,,,unknown,24,RSL 2026 PDF
Todd Spero,todd spero,THU PM — FRI AM,6pm,Bubble Lounge,,7:30 B Plaza @ 3:45,12:00 PM – 08:00 PM,UNKNOWN,,,,unknown,24,RSL 2026 PDF
Unders & friends,unders & friends,THU PM — FRI AM,8am,Camp Bangers Only,90s Block Party,10:00 & E,08:00 AM – 12:00 PM,UNKNOWN,,,,unknown,24,RSL 2026 PDF
2Juicy,2juicy,THU PM — FRI AM,9pm,Camp Kinetic,BRC Burn Club Fire Jam,3:00 & E,09:00 PM – 01:00 AM,UNKNOWN,,,,unknown,24,RSL 2026 PDF
Kaizen,kaizen,THU PM — FRI AM,10pm,Camp Kinetic,BRC Burn Club Fire Jam,3:00 & E,09:00 PM – 01:00 AM,UNKNOWN,,,,unknown,24,RSL 2026 PDF
S'akiibaum,s'akiibaum,THU PM — FRI AM,11pm,Camp Kinetic,BRC Burn Club Fire Jam,3:00 & E,09:00 PM – 01:00 AM,UNKNOWN,,,,unknown,24,RSL 2026 PDF
Fiendi,fiendi,THU PM — FRI AM,12am,Camp Kinetic,BRC Burn Club Fire Jam,3:00 & E,09:00 PM – 01:00 AM,UNKNOWN,,,,unknown,24,RSL 2026 PDF
Gilarden,gilarden,THU PM — FRI AM,6pm,Camp LandHO!,,2:00 & E,06:00 PM – 06:30 AM,UNKNOWN,,,,unknown,24,RSL 2026 PDF
Igor Marijuan,igor marijuan,THU PM — FRI AM,7:30pm,Camp LandHO!,,2:00 & E,06:00 PM – 06:30 AM,UNKNOWN,,,,unknown,24,RSL 2026 PDF
Mooglie + Betical,mooglie + betical,THU PM — FRI AM,9:30pm,Camp LandHO!,,2:00 & E,06:00 PM – 06:30 AM,UNKNOWN,,,,unknown,24,RSL 2026 PDF
Jerzey del Mar,jerzey del mar,THU PM — FRI AM,11pm,Camp LandHO!,,2:00 & E,06:00 PM – 06:30 AM,UNKNOWN,,,,unknown,24,RSL 2026 PDF
TRIPPS,tripps,THU PM — FRI AM,12:30am,Camp LandHO!,,2:00 & E,06:00 PM – 06:30 AM,UNKNOWN,,,,unknown,24,RSL 2026 PDF
MYLA,myla,THU PM — FRI AM,2am,Camp LandHO!,,2:00 & E,06:00 PM – 06:30 AM,UNKNOWN,,,,unknown,24,RSL 2026 PDF
Neshaman,neshaman,THU PM — FRI AM,3:30am,Camp LandHO!,,2:00 & E,06:00 PM – 06:30 AM,UNKNOWN,,,,unknown,24,RSL 2026 PDF
AHardR,ahardr,THU PM — FRI AM,5am,Camp LandHO!,,2:00 & E,06:00 PM – 06:30 AM,UNKNOWN,,,,unknown,24,RSL 2026 PDF
Häana,häana,THU PM — FRI AM,7:30pm,Caravan D'Light,Gates of Liberation,E & 8:15,07:30 PM – 10:30 PM,UNKNOWN,,,,unknown,24,RSL 2026 PDF
Eli Light,eli light,THU PM — FRI AM,9pm,Caravan D'Light,Gates of Liberation,E & 8:15,07:30 PM – 10:30 PM,UNKNOWN,,,,unknown,24,RSL 2026 PDF
SYRCLES,syrcles,THU PM — FRI AM,6pm,Christina: Queen of the BRC,with POLARIS (HUBS party),E & 2:15,06:00 PM – 06:00 AM,UNKNOWN,,,,unknown,24,RSL 2026 PDF
LIDIYA,lidiya,THU PM — FRI AM,8pm,Christina: Queen of the BRC,with POLARIS (HUBS party),E & 2:15,06:00 PM – 06:00 AM,UNKNOWN,,,,unknown,24,RSL 2026 PDF
DEXX,dexx,THU PM — FRI AM,10pm,Christina: Queen of the BRC,with POLARIS (HUBS party),E & 2:15,06:00 PM – 06:00 AM,UNKNOWN,,,,unknown,24,RSL 2026 PDF
Daydream & Land Ho! Artists,daydream & land ho! artists,THU PM — FRI AM,12am,Christina: Queen of the BRC,with POLARIS (HUBS party),E & 2:15,06:00 PM – 06:00 AM,UNKNOWN,,,,unknown,24,RSL 2026 PDF
Daydream DJs + Seth Schwarz (Live),daydream djs + seth schwarz (live),THU PM — FRI AM,12am,Christina: Queen of the BRC,with Kuker and Lucy the snail,DMZ,12:00 AM – 06:00 AM,UNKNOWN,,,,unknown,25,RSL 2026 PDF
Yaku means Water (Hybrid set),yaku means water (hybrid set),THU PM — FRI AM,6am,Christina: Queen of the BRC,Freakin Burning Disco w/ Land Ho,E & 2:15,06:00 AM – 12:00 PM,UNKNOWN,,,,unknown,25,RSL 2026 PDF
Sam Baroni,sam baroni,THU PM — FRI AM,8am,Christina: Queen of the BRC,Freakin Burning Disco w/ Land Ho,E & 2:15,06:00 AM – 12:00 PM,UNKNOWN,,,,unknown,25,RSL 2026 PDF
Calussa,calussa,THU PM — FRI AM,10am,Christina: Queen of the BRC,Freakin Burning Disco w/ Land Ho,E & 2:15,06:00 AM – 12:00 PM,UNKNOWN,,,,unknown,25,RSL 2026 PDF
Izzy Nomad,izzy nomad,THU PM — FRI AM,5pm,Combat Zone,chi chi dango's disco rodeo,9:30 & A,05:00 PM – 08:00 PM,UNKNOWN,,,,unknown,25,RSL 2026 PDF
Sonikblox,sonikblox,THU PM — FRI AM,6pm,Combat Zone,chi chi dango's disco rodeo,9:30 & A,05:00 PM – 08:00 PM,UNKNOWN,,,,unknown,25,RSL 2026 PDF
chi chi dango,chi chi dango,THU PM — FRI AM,7pm,Combat Zone,chi chi dango's disco rodeo,9:30 & A,05:00 PM – 08:00 PM,UNKNOWN,,,,unknown,25,RSL 2026 PDF
Simon Shultz,simon shultz,THU PM — FRI AM,4pm,Cuddle Oasis,,Esplanade & 2:30,04:00 PM – 12:00 AM,UNKNOWN,,,,unknown,25,RSL 2026 PDF
Anasthesia,anasthesia,THU PM — FRI AM,6pm,Cuddle Oasis,,Esplanade & 2:30,04:00 PM – 12:00 AM,UNKNOWN,,,,unknown,25,RSL 2026 PDF
Special Guest DJ,special guest dj,THU PM — FRI AM,7:30pm,Cuddle Oasis,,Esplanade & 2:30,04:00 PM – 12:00 AM,UNKNOWN,,,,unknown,25,RSL 2026 PDF
Special Guest DJ,special guest dj,THU PM — FRI AM,9pm,Cuddle Oasis,,Esplanade & 2:30,04:00 PM – 12:00 AM,UNKNOWN,,,,unknown,25,RSL 2026 PDF
Matony,matony,THU PM — FRI AM,10:30pm,Cuddle Oasis,,Esplanade & 2:30,04:00 PM – 12:00 AM,UNKNOWN,,,,unknown,25,RSL 2026 PDF
BelenB,belenb,THU PM — FRI AM,1pm,DeMentha,"Mojitos, Music, Mist",3:00 Portal & A,01:00 PM – 06:00 PM,UNKNOWN,,,,unknown,25,RSL 2026 PDF
GLITTA,glitta,THU PM — FRI AM,2pm,DeMentha,"Mojitos, Music, Mist",3:00 Portal & A,01:00 PM – 06:00 PM,UNKNOWN,,,,unknown,25,RSL 2026 PDF
Ladybeats B2B Tagg,ladybeats b2b tagg,THU PM — FRI AM,3pm,DeMentha,"Mojitos, Music, Mist",3:00 Portal & A,01:00 PM – 06:00 PM,UNKNOWN,,,,unknown,25,RSL 2026 PDF
Bobby Lyte (Live Set),bobby lyte (live set),THU PM — FRI AM,4pm,DeMentha,"Mojitos, Music, Mist",3:00 Portal & A,01:00 PM – 06:00 PM,UNKNOWN,,,,unknown,25,RSL 2026 PDF
OGAN (Live Set),ogan (live set),THU PM — FRI AM,5pm,DeMentha,"Mojitos, Music, Mist",3:00 Portal & A,01:00 PM – 06:00 PM,UNKNOWN,,,,unknown,25,RSL 2026 PDF
Miyazaki,miyazaki,THU PM — FRI AM,8pm,Deoxidized,,2:00 & D,08:00 PM – 03:00 AM,UNKNOWN,,,,unknown,25,RSL 2026 PDF
&Lez,&lez,THU PM — FRI AM,9pm,Deoxidized,,2:00 & D,08:00 PM – 03:00 AM,UNKNOWN,,,,unknown,25,RSL 2026 PDF
Santiago Garcia,santiago garcia,THU PM — FRI AM,11pm,Deoxidized,,2:00 & D,08:00 PM – 03:00 AM,UNKNOWN,,,,unknown,25,RSL 2026 PDF
Xinobi,xinobi,THU PM — FRI AM,1am,Deoxidized,,2:00 & D,08:00 PM – 03:00 AM,UNKNOWN,,,,unknown,25,RSL 2026 PDF
Xinobi b2b Losha,xinobi b2b losha,THU PM — FRI AM,2am,Deoxidized,,2:00 & D,08:00 PM – 03:00 AM,UNKNOWN,,,,unknown,25,RSL 2026 PDF
Alchemist Spider,alchemist spider,THU PM — FRI AM,2pm,Disorient,,Esplanade & 8:00,02:00 PM – 02:00 AM,UNKNOWN,,,,unknown,25,RSL 2026 PDF
GonzoMD,gonzomd,THU PM — FRI AM,4pm,Disorient,,Esplanade & 8:00,02:00 PM – 02:00 AM,UNKNOWN,,,,unknown,25,RSL 2026 PDF
Doin' Us,doin' us,THU PM — FRI AM,5:30pm,Disorient,,Esplanade & 8:00,02:00 PM – 02:00 AM,UNKNOWN,,,,unknown,25,RSL 2026 PDF
Really?!,really?!,THU PM — FRI AM,7pm,Disorient,,Esplanade & 8:00,02:00 PM – 02:00 AM,UNKNOWN,,,,unknown,25,RSL 2026 PDF
Ro Rousseau,ro rousseau,THU PM — FRI AM,9pm,Disorient,,Esplanade & 8:00,02:00 PM – 02:00 AM,UNKNOWN,,,,unknown,25,RSL 2026 PDF
ipatiwish,ipatiwish,THU PM — FRI AM,10:30pm,Disorient,,Esplanade & 8:00,02:00 PM – 02:00 AM,UNKNOWN,,,,unknown,25,RSL 2026 PDF
Wronski,wronski,THU PM — FRI AM,12am,Disorient,,Esplanade & 8:00,02:00 PM – 02:00 AM,UNKNOWN,,,,unknown,25,RSL 2026 PDF
Neuromancer,neuromancer,THU PM — FRI AM,8pm,Emergence with BuddhaLounge,Dep Tribal House Music,10:00 & G,08:00 PM – 02:00 AM,UNKNOWN,,,,unknown,25,RSL 2026 PDF
Amanda Gaez,amanda gaez,THU PM — FRI AM,9pm,Emergence with BuddhaLounge,Dep Tribal House Music,10:00 & G,08:00 PM – 02:00 AM,UNKNOWN,,,,unknown,25,RSL 2026 PDF
Buddha Bass,buddha bass,THU PM — FRI AM,11pm,Emergence with BuddhaLounge,Dep Tribal House Music,10:00 & G,08:00 PM – 02:00 AM,UNKNOWN,,,,unknown,25,RSL 2026 PDF
Ricky Sizzle,ricky sizzle,THU PM — FRI AM,1pm,Extinct Oasis,Bottomless Bass Brunch,B & 8:45,01:00 PM – 04:00 PM,UNKNOWN,,,,unknown,25,RSL 2026 PDF
Double Jointed,double jointed,THU PM — FRI AM,2pm,Extinct Oasis,Bottomless Bass Brunch,B & 8:45,01:00 PM – 04:00 PM,UNKNOWN,,,,unknown,25,RSL 2026 PDF
Namaslay,namaslay,THU PM — FRI AM,3pm,Extinct Oasis,Bottomless Bass Brunch,B & 8:45,01:00 PM – 04:00 PM,UNKNOWN,,,,unknown,25,RSL 2026 PDF
FOSS x Dan Oved,foss x dan oved,THU PM — FRI AM,10pm,FOSS x Dan Oved,FOSS Residency,Apotheneum,10:00 PM – 06:00 AM,UNKNOWN,,,,unknown,25,RSL 2026 PDF
Franccesco Cardenas,franccesco cardenas,THU PM — FRI AM,12pm,Funky Town,Jungle Boogie Critter Club,10:00 & D,12:00 PM – 07:30 PM,UNKNOWN,,,,unknown,25,RSL 2026 PDF
Non Profit Rave,non profit rave,THU PM — FRI AM,1pm,Funky Town,Jungle Boogie Critter Club,10:00 & D,12:00 PM – 07:30 PM,UNKNOWN,,,,unknown,25,RSL 2026 PDF
Erik Lohr,erik lohr,THU PM — FRI AM,3pm,Funky Town,Jungle Boogie Critter Club,10:00 & D,12:00 PM – 07:30 PM,UNKNOWN,,,,unknown,25,RSL 2026 PDF
Greg Eversoul,greg eversoul,THU PM — FRI AM,4pm,Funky Town,Jungle Boogie Critter Club,10:00 & D,12:00 PM – 07:30 PM,UNKNOWN,,,,unknown,25,RSL 2026 PDF
Joanna Magik,joanna magik,THU PM — FRI AM,5pm,Funky Town,Jungle Boogie Critter Club,10:00 & D,12:00 PM – 07:30 PM,UNKNOWN,,,,unknown,25,RSL 2026 PDF
Jacques the Ripper,jacques the ripper,THU PM — FRI AM,6pm,Funky Town,Jungle Boogie Critter Club,10:00 & D,12:00 PM – 07:30 PM,UNKNOWN,,,,unknown,25,RSL 2026 PDF
Glen North,glen north,THU PM — FRI AM,11am,Glamcocks,Espresso Yourself Neon Cabaret,7:00 & D,11:00 AM – 12:00 PM,UNKNOWN,,,,unknown,25,RSL 2026 PDF
Marco-T,marco-t,THU PM — FRI AM,9pm,Havana Nights,Ultimate Latin Party,B & 9:15,09:00 PM – 01:00 AM,UNKNOWN,,,,unknown,25,RSL 2026 PDF
Jasmine Wiley,jasmine wiley,THU PM — FRI AM,2pm,Hookahdome,Inside the Dome- Intimate & Live,Esplanade & 4:15,02:00 PM – 05:00 PM,UNKNOWN,,,,unknown,25,RSL 2026 PDF
Vesta Chandler,vesta chandler,THU PM — FRI AM,4pm,Hookahdome,Inside the Dome- Intimate & Live,Esplanade & 4:15,02:00 PM – 05:00 PM,UNKNOWN,,,,unknown,25,RSL 2026 PDF
Hookahdome PLayers,hookahdome players,THU PM — FRI AM,7pm,Hookahdome,"Live Music Open Mic, Jam & Drum",Esplanade & 4:15,07:00 PM – 08:00 PM,UNKNOWN,,,,unknown,25,RSL 2026 PDF
Gemini Moon,gemini moon,THU PM — FRI AM,8pm,Hookahdome,"Global Bass, Tribal, Afro House",Esplanade & 4:15,08:00 PM – 07:00 AM,UNKNOWN,,,,unknown,26,RSL 2026 PDF
Simba Sax,simba sax,THU PM — FRI AM,9pm,Hookahdome,"Global Bass, Tribal, Afro House",Esplanade & 4:15,08:00 PM – 07:00 AM,UNKNOWN,,,,unknown,26,RSL 2026 PDF
Huevos,huevos,THU PM — FRI AM,10pm,Hookahdome,"Global Bass, Tribal, Afro House",Esplanade & 4:15,08:00 PM – 07:00 AM,UNKNOWN,,,,unknown,26,RSL 2026 PDF
Illexxandra B2B Shakey,illexxandra b2b shakey,THU PM — FRI AM,11pm,Hookahdome,"Global Bass, Tribal, Afro House",Esplanade & 4:15,08:00 PM – 07:00 AM,UNKNOWN,,,,unknown,26,RSL 2026 PDF
Dragonfly,dragonfly,THU PM — FRI AM,1am,Hookahdome,"Global Bass, Tribal, Afro House",Esplanade & 4:15,08:00 PM – 07:00 AM,UNKNOWN,,,,unknown,26,RSL 2026 PDF
Deniz Reno,deniz reno,THU PM — FRI AM,2am,Hookahdome,"Global Bass, Tribal, Afro House",Esplanade & 4:15,08:00 PM – 07:00 AM,UNKNOWN,,,,unknown,26,RSL 2026 PDF
Shikari,shikari,THU PM — FRI AM,3am,Hookahdome,"Global Bass, Tribal, Afro House",Esplanade & 4:15,08:00 PM – 07:00 AM,UNKNOWN,,,,unknown,26,RSL 2026 PDF
Ngamla,ngamla,THU PM — FRI AM,4am,Hookahdome,"Global Bass, Tribal, Afro House",Esplanade & 4:15,08:00 PM – 07:00 AM,UNKNOWN,,,,unknown,26,RSL 2026 PDF
Gringo Safari,gringo safari,THU PM — FRI AM,5am,Hookahdome,"Global Bass, Tribal, Afro House",Esplanade & 4:15,08:00 PM – 07:00 AM,UNKNOWN,,,,unknown,26,RSL 2026 PDF
BCB,bcb,THU PM — FRI AM,6am,Hookahdome,"Global Bass, Tribal, Afro House",Esplanade & 4:15,08:00 PM – 07:00 AM,UNKNOWN,,,,unknown,26,RSL 2026 PDF
FAITH,faith,THU PM — FRI AM,5pm,Hotline Camp,Pillowtalk Sexy PJ Disco Party,A & 8:15,05:00 PM – 08:30 PM,UNKNOWN,,,,unknown,26,RSL 2026 PDF
L'core,l'core,THU PM — FRI AM,6pm,Hotline Camp,Pillowtalk Sexy PJ Disco Party,A & 8:15,05:00 PM – 08:30 PM,UNKNOWN,,,,unknown,26,RSL 2026 PDF
ERASR,erasr,THU PM — FRI AM,7pm,Hotline Camp,Pillowtalk Sexy PJ Disco Party,A & 8:15,05:00 PM – 08:30 PM,UNKNOWN,,,,unknown,26,RSL 2026 PDF
Vee Here Now,vee here now,THU PM — FRI AM,4pm,Jail of Hedone,,6:30 & E,04:00 PM – 08:00 PM,UNKNOWN,,,,unknown,26,RSL 2026 PDF
Sancho,sancho,THU PM — FRI AM,5pm,Jail of Hedone,,6:30 & E,04:00 PM – 08:00 PM,UNKNOWN,,,,unknown,26,RSL 2026 PDF
Charles Lazarus,charles lazarus,THU PM — FRI AM,6:30pm,Jail of Hedone,,6:30 & E,04:00 PM – 08:00 PM,UNKNOWN,,,,unknown,26,RSL 2026 PDF
Kobe,kobe,THU PM — FRI AM,1:30pm,Lands Beyond,Michelada Bacchanalia,F & 8:45,12:00 PM – 03:30 PM,UNKNOWN,,,,unknown,26,RSL 2026 PDF
Kobe,kobe,THU PM — FRI AM,11:30am,Lands Beyond,Michelada Bacchanalia,F & 8:45,11:30 AM – 12:00 PM,UNKNOWN,,,,unknown,26,RSL 2026 PDF
Major Tom (Deep House),major tom (deep house),THU PM — FRI AM,5pm,Midnight Roast,MidDAY Roast! Sunset Party,2:00 & C,05:00 PM – 10:30 PM,UNKNOWN,,,,unknown,26,RSL 2026 PDF
Toucanplay,toucanplay,THU PM — FRI AM,7pm,Midnight Roast,MidDAY Roast! Sunset Party,2:00 & C,05:00 PM – 10:30 PM,UNKNOWN,,,,unknown,26,RSL 2026 PDF
Karpfen Und Speck,karpfen und speck,THU PM — FRI AM,9pm,Midnight Roast,MidDAY Roast! Sunset Party,2:00 & C,05:00 PM – 10:30 PM,UNKNOWN,,,,unknown,26,RSL 2026 PDF
Mighty Misfit Camp DJs,mighty misfit camp djs,THU PM — FRI AM,2:30pm,Mighty Misfits,Spritz n Titz,2:30 & D,02:30 PM – 07:30 PM,UNKNOWN,,,,unknown,26,RSL 2026 PDF
Larry,larry,THU PM — FRI AM,4pm,MindShark,Techno & Melodic,Esplanade & 3:00 Portal,04:00 PM – 09:30 AM,UNKNOWN,,,,unknown,26,RSL 2026 PDF
Vetica B2B Amelia Clark,vetica b2b amelia clark,THU PM — FRI AM,6pm,MindShark,Techno & Melodic,Esplanade & 3:00 Portal,04:00 PM – 09:30 AM,UNKNOWN,,,,unknown,26,RSL 2026 PDF
REZONANCE,rezonance,THU PM — FRI AM,8pm,MindShark,Techno & Melodic,Esplanade & 3:00 Portal,04:00 PM – 09:30 AM,UNKNOWN,,,,unknown,26,RSL 2026 PDF
SØS,søs,THU PM — FRI AM,10pm,MindShark,Techno & Melodic,Esplanade & 3:00 Portal,04:00 PM – 09:30 AM,UNKNOWN,,,,unknown,26,RSL 2026 PDF
KRAKADILLA,krakadilla,THU PM — FRI AM,11:30pm,MindShark,Techno & Melodic,Esplanade & 3:00 Portal,04:00 PM – 09:30 AM,UNKNOWN,,,,unknown,26,RSL 2026 PDF
Tertronic,tertronic,THU PM — FRI AM,1am,MindShark,Techno & Melodic,Esplanade & 3:00 Portal,04:00 PM – 09:30 AM,UNKNOWN,,,,unknown,26,RSL 2026 PDF
Ashoat,ashoat,THU PM — FRI AM,2am,MindShark,Techno & Melodic,Esplanade & 3:00 Portal,04:00 PM – 09:30 AM,UNKNOWN,,,,unknown,26,RSL 2026 PDF
SUMIA,sumia,THU PM — FRI AM,3:30am,MindShark,Techno & Melodic,Esplanade & 3:00 Portal,04:00 PM – 09:30 AM,UNKNOWN,,,,unknown,26,RSL 2026 PDF
Îzma,îzma,THU PM — FRI AM,4:30am,MindShark,Techno & Melodic,Esplanade & 3:00 Portal,04:00 PM – 09:30 AM,UNKNOWN,,,,unknown,26,RSL 2026 PDF
Bendo,bendo,THU PM — FRI AM,7:30am,MindShark,Techno & Melodic,Esplanade & 3:00 Portal,04:00 PM – 09:30 AM,UNKNOWN,,,,unknown,26,RSL 2026 PDF
Jkali,jkali,THU PM — FRI AM,8pm,Mystic Flyer Experience,,The Temple,08:00 PM – 04:00 AM,UNKNOWN,,,,unknown,26,RSL 2026 PDF
Dumi,dumi,THU PM — FRI AM,9:30pm,Mystic Flyer Experience,,The Temple,08:00 PM – 04:00 AM,UNKNOWN,,,,unknown,26,RSL 2026 PDF
Maki,maki,THU PM — FRI AM,11:30pm,Mystic Flyer Experience,,The Temple,08:00 PM – 04:00 AM,UNKNOWN,,,,unknown,26,RSL 2026 PDF
Cole,cole,THU PM — FRI AM,1am,Mystic Flyer Experience,,The Temple,08:00 PM – 04:00 AM,UNKNOWN,,,,unknown,26,RSL 2026 PDF
Liquid Gold,liquid gold,THU PM — FRI AM,2am,Mystic Flyer Experience,,The Temple,08:00 PM – 04:00 AM,UNKNOWN,,,,unknown,26,RSL 2026 PDF
Seth Finkin,seth finkin,THU PM — FRI AM,3am,Mystic Flyer Experience,,The Temple,08:00 PM – 04:00 AM,UNKNOWN,,,,unknown,26,RSL 2026 PDF
Anschi,anschi,THU PM — FRI AM,8pm,Never Sleep Again,The deep end,8:30 & F,08:00 PM – 03:00 AM,UNKNOWN,,,,unknown,26,RSL 2026 PDF
Zach Walker,zach walker,THU PM — FRI AM,9pm,Never Sleep Again,The deep end,8:30 & F,08:00 PM – 03:00 AM,UNKNOWN,,,,unknown,26,RSL 2026 PDF
Goldcap,goldcap,THU PM — FRI AM,10:30pm,Never Sleep Again,The deep end,8:30 & F,08:00 PM – 03:00 AM,UNKNOWN,,,,unknown,26,RSL 2026 PDF
Dave Dk,dave dk,THU PM — FRI AM,12am,Never Sleep Again,The deep end,8:30 & F,08:00 PM – 03:00 AM,UNKNOWN,,,,unknown,26,RSL 2026 PDF
Rampue,rampue,THU PM — FRI AM,1:30am,Never Sleep Again,The deep end,8:30 & F,08:00 PM – 03:00 AM,UNKNOWN,,,,unknown,26,RSL 2026 PDF
Jam Battle,jam battle,THU PM — FRI AM,8pm,No Stairway To Heaven,,E & 9:15,08:00 PM – 12:00 AM,UNKNOWN,,,,unknown,26,RSL 2026 PDF
Bounceman,bounceman,THU PM — FRI AM,5pm,Opulent Temple,Opulent Sunset Party,Esplanade & 10:00,05:00 PM – 09:00 PM,UNKNOWN,,,,unknown,26,RSL 2026 PDF
Fleetmac Wood (Sunset Set),fleetmac wood (sunset set),THU PM — FRI AM,6pm,Opulent Temple,Opulent Sunset Party,Esplanade & 10:00,05:00 PM – 09:00 PM,UNKNOWN,,,,unknown,26,RSL 2026 PDF
Don Gentry,don gentry,THU PM — FRI AM,8pm,Opulent Temple,Opulent Sunset Party,Esplanade & 10:00,05:00 PM – 09:00 PM,UNKNOWN,,,,unknown,26,RSL 2026 PDF
ZENTI,zenti,THU PM — FRI AM,9pm,Opulent Temple,Playa Pure,Esplanade & 10:00,09:00 PM – 07:30 AM,UNKNOWN,,,,unknown,27,RSL 2026 PDF
Kazami,kazami,THU PM — FRI AM,10pm,Opulent Temple,Playa Pure,Esplanade & 10:00,09:00 PM – 07:30 AM,UNKNOWN,,,,unknown,27,RSL 2026 PDF
Spencer Brown,spencer brown,THU PM — FRI AM,11pm,Opulent Temple,Playa Pure,Esplanade & 10:00,09:00 PM – 07:30 AM,UNKNOWN,,,,unknown,27,RSL 2026 PDF
Nora en Pure,nora en pure,THU PM — FRI AM,12:30am,Opulent Temple,Playa Pure,Esplanade & 10:00,09:00 PM – 07:30 AM,UNKNOWN,,,,unknown,27,RSL 2026 PDF
Marten Lou,marten lou,THU PM — FRI AM,2:30am,Opulent Temple,Playa Pure,Esplanade & 10:00,09:00 PM – 07:30 AM,UNKNOWN,,,,unknown,27,RSL 2026 PDF
Admiral,admiral,THU PM — FRI AM,4am,Opulent Temple,Playa Pure,Esplanade & 10:00,09:00 PM – 07:30 AM,UNKNOWN,,,,unknown,27,RSL 2026 PDF
FIERS,fiers,THU PM — FRI AM,5am,Opulent Temple,Playa Pure,Esplanade & 10:00,09:00 PM – 07:30 AM,UNKNOWN,,,,unknown,27,RSL 2026 PDF
Obie Fernandez (Sunrise Set),obie fernandez (sunrise set),THU PM — FRI AM,6am,Opulent Temple,Playa Pure,Esplanade & 10:00,09:00 PM – 07:30 AM,UNKNOWN,,,,unknown,27,RSL 2026 PDF
Saucy,saucy,THU PM — FRI AM,2pm,Paper Cranes,PB & Jams (Crunchy Jams),B & 8:15,02:00 PM – 04:00 PM,UNKNOWN,,,,unknown,27,RSL 2026 PDF
RA,ra,THU PM — FRI AM,3pm,Paper Cranes,PB & Jams (Crunchy Jams),B & 8:15,02:00 PM – 04:00 PM,UNKNOWN,,,,unknown,27,RSL 2026 PDF
Dom Dolla,dom dolla,THU PM — FRI AM,4pm,plop!,,B & 9:45,04:00 PM – 06:00 PM,UNKNOWN,,,,unknown,27,RSL 2026 PDF
Goku,goku,THU PM — FRI AM,8am,Raccoons,Raccoons sunrise slow dance,6:00 & F,08:00 AM – 10:00 AM,UNKNOWN,,,,unknown,27,RSL 2026 PDF
Ringo,ringo,THU PM — FRI AM,6pm,Rippers Row,The Pink Panther Party,3:00 Portal & A,06:00 PM – 12:00 AM,UNKNOWN,,,,unknown,27,RSL 2026 PDF
Tropica Bomba b2b Jean Jacque,tropica bomba b2b jean jacque,THU PM — FRI AM,7:30pm,Rippers Row,The Pink Panther Party,3:00 Portal & A,06:00 PM – 12:00 AM,UNKNOWN,,,,unknown,27,RSL 2026 PDF
Tripps,tripps,THU PM — FRI AM,9pm,Rippers Row,The Pink Panther Party,3:00 Portal & A,06:00 PM – 12:00 AM,UNKNOWN,,,,unknown,27,RSL 2026 PDF
Kream,kream,THU PM — FRI AM,10:30pm,Rippers Row,The Pink Panther Party,3:00 Portal & A,06:00 PM – 12:00 AM,UNKNOWN,,,,unknown,27,RSL 2026 PDF
Mo'Steph ft. Moist Magnolia,mo'steph ft. moist magnolia,THU PM — FRI AM,5:30pm,Second Rodeo,Twerk-n-Perk,8:30 & E,05:30 PM – 07:00 PM,UNKNOWN,,,,unknown,27,RSL 2026 PDF
Lamas,lamas,THU PM — FRI AM,7pm,Second Rodeo,Hoedown Throwdown,8:30 & E,07:00 PM – 02:00 AM,UNKNOWN,,,,unknown,27,RSL 2026 PDF
Ean Mealiffe,ean mealiffe,THU PM — FRI AM,8pm,Second Rodeo,Hoedown Throwdown,8:30 & E,07:00 PM – 02:00 AM,UNKNOWN,,,,unknown,27,RSL 2026 PDF
Chuck Tyler,chuck tyler,THU PM — FRI AM,9pm,Second Rodeo,Hoedown Throwdown,8:30 & E,07:00 PM – 02:00 AM,UNKNOWN,,,,unknown,27,RSL 2026 PDF
HB,hb,THU PM — FRI AM,10pm,Second Rodeo,Hoedown Throwdown,8:30 & E,07:00 PM – 02:00 AM,UNKNOWN,,,,unknown,27,RSL 2026 PDF
Cheeky Nugg,cheeky nugg,THU PM — FRI AM,11pm,Second Rodeo,Hoedown Throwdown,8:30 & E,07:00 PM – 02:00 AM,UNKNOWN,,,,unknown,27,RSL 2026 PDF
EMAZE,emaze,THU PM — FRI AM,12am,Second Rodeo,Hoedown Throwdown,8:30 & E,07:00 PM – 02:00 AM,UNKNOWN,,,,unknown,27,RSL 2026 PDF
kev/null,kev/null,THU PM — FRI AM,1am,Second Rodeo,Hoedown Throwdown,8:30 & E,07:00 PM – 02:00 AM,UNKNOWN,,,,unknown,27,RSL 2026 PDF
Bojon Dj's,bojon dj's,THU PM — FRI AM,9pm,Sil-vi,,Now + Next,09:00 PM – 10:30 PM,UNKNOWN,,,,unknown,27,RSL 2026 PDF
Special Guest,special guest,THU PM — FRI AM,12am,Sil-vi,Sil Vi x Rippers Row,Deep Playa,12:00 AM – 12:00 PM,UNKNOWN,,,,unknown,27,RSL 2026 PDF
Pan Solo,pan solo,THU PM — FRI AM,1am,Sil-vi,Sil Vi x Rippers Row,Deep Playa,12:00 AM – 12:00 PM,UNKNOWN,,,,unknown,27,RSL 2026 PDF
Magic Carpet,magic carpet,THU PM — FRI AM,2am,Sil-vi,Sil Vi x Rippers Row,Deep Playa,12:00 AM – 12:00 PM,UNKNOWN,,,,unknown,27,RSL 2026 PDF
Stork,stork,THU PM — FRI AM,4am,Sil-vi,Sil Vi x Rippers Row,Deep Playa,12:00 AM – 12:00 PM,UNKNOWN,,,,unknown,27,RSL 2026 PDF
Ringo x Omni x Puddles,ringo x omni x puddles,THU PM — FRI AM,5am,Sil-vi,Sil Vi x Rippers Row,Deep Playa,12:00 AM – 12:00 PM,UNKNOWN,,,,unknown,27,RSL 2026 PDF
Mango,mango,THU PM — FRI AM,8am,Sil-vi,Sil Vi x Rippers Row,Deep Playa,12:00 AM – 12:00 PM,UNKNOWN,,,,unknown,27,RSL 2026 PDF
Rippers DJ's,rippers dj's,THU PM — FRI AM,9am,Sil-vi,Sil Vi x Rippers Row,Deep Playa,12:00 AM – 12:00 PM,UNKNOWN,,,,unknown,27,RSL 2026 PDF
Kellon B2B Mango,kellon b2b mango,THU PM — FRI AM,11am,Sil-vi,Sil Vi x Rippers Row,Deep Playa,12:00 AM – 12:00 PM,UNKNOWN,,,,unknown,27,RSL 2026 PDF
"Nyashville, TenISee","nyashville, tenisee",THU PM — FRI AM,12pm,Snark Bar,Vybz n' Riddims,9:00 B Plaza @ 1:15,12:00 PM – 02:00 PM,UNKNOWN,,,,unknown,27,RSL 2026 PDF
MsizRed,msizred,THU PM — FRI AM,5pm,Snark Bar,Heavy Metal Happy Hour,9:00 B Plaza @ 1:15,05:00 PM – 09:00 PM,UNKNOWN,,,,unknown,27,RSL 2026 PDF
Skully,skully,THU PM — FRI AM,7pm,Snark Bar,Heavy Metal Happy Hour,9:00 B Plaza @ 1:15,05:00 PM – 09:00 PM,UNKNOWN,,,,unknown,27,RSL 2026 PDF
PPPuPu,pppupu,THU PM — FRI AM,9:30pm,Soft Landing,Palenque Norte's Nectarpalooza!,6:30 & F,09:30 PM – 04:30 AM,UNKNOWN,,,,unknown,27,RSL 2026 PDF
Cursive,cursive,THU PM — FRI AM,10:30pm,Soft Landing,Palenque Norte's Nectarpalooza!,6:30 & F,09:30 PM – 04:30 AM,UNKNOWN,,,,unknown,27,RSL 2026 PDF
Blue & MyKym,blue & mykym,THU PM — FRI AM,11:30pm,Soft Landing,Palenque Norte's Nectarpalooza!,6:30 & F,09:30 PM – 04:30 AM,UNKNOWN,,,,unknown,27,RSL 2026 PDF
Nectar,nectar,THU PM — FRI AM,12:30am,Soft Landing,Palenque Norte's Nectarpalooza!,6:30 & F,09:30 PM – 04:30 AM,UNKNOWN,,,,unknown,27,RSL 2026 PDF
Breej & Saint Nick,breej & saint nick,THU PM — FRI AM,1:30am,Soft Landing,Palenque Norte's Nectarpalooza!,6:30 & F,09:30 PM – 04:30 AM,UNKNOWN,,,,unknown,27,RSL 2026 PDF
Monacle,monacle,THU PM — FRI AM,2:30am,Soft Landing,Palenque Norte's Nectarpalooza!,6:30 & F,09:30 PM – 04:30 AM,UNKNOWN,,,,unknown,27,RSL 2026 PDF
Tryptonic,tryptonic,THU PM — FRI AM,3:30am,Soft Landing,Palenque Norte's Nectarpalooza!,6:30 & F,09:30 PM – 04:30 AM,UNKNOWN,,,,unknown,27,RSL 2026 PDF
Damien,damien,THU PM — FRI AM,3pm,Solarpunks,,2:00 & K,03:00 PM – 07:00 PM,UNKNOWN,,,,unknown,27,RSL 2026 PDF
Kylen [Non Profit Rave],kylen [non profit rave],THU PM — FRI AM,4pm,Solarpunks,,2:00 & K,03:00 PM – 07:00 PM,UNKNOWN,,,,unknown,27,RSL 2026 PDF
Griffin Maxwell Brooks [Non Profit Rave],griffin maxwell brooks [non profit rave],THU PM — FRI AM,5:30pm,Solarpunks,,2:00 & K,03:00 PM – 07:00 PM,UNKNOWN,,,,unknown,27,RSL 2026 PDF
Dom Dolla DJ Set,dom dolla dj set,THU PM — FRI AM,4pm,Sound Cabin,Dicey Mystery Mixer,9:30 & A,04:00 PM – 06:00 PM,UNKNOWN,,,,unknown,27,RSL 2026 PDF
ROROLL/MYLA,roroll/myla,THU PM — FRI AM,4pm,Spanky's Wine Bar,Disco Night,7:30 & E,04:00 PM – 04:00 AM,UNKNOWN,,,,unknown,28,RSL 2026 PDF
Go South,go south,THU PM — FRI AM,6pm,Spanky's Wine Bar,Disco Night,7:30 & E,04:00 PM – 04:00 AM,UNKNOWN,,,,unknown,28,RSL 2026 PDF
Lana with a K,lana with a k,THU PM — FRI AM,8pm,Spanky's Wine Bar,Disco Night,7:30 & E,04:00 PM – 04:00 AM,UNKNOWN,,,,unknown,28,RSL 2026 PDF
Carlo Novo,carlo novo,THU PM — FRI AM,10pm,Spanky's Wine Bar,Disco Night,7:30 & E,04:00 PM – 04:00 AM,UNKNOWN,,,,unknown,28,RSL 2026 PDF
Mr. Bold,mr. bold,THU PM — FRI AM,12am,Spanky's Wine Bar,Disco Night,7:30 & E,04:00 PM – 04:00 AM,UNKNOWN,,,,unknown,28,RSL 2026 PDF
Johnnie Clutch,johnnie clutch,THU PM — FRI AM,2am,Spanky's Wine Bar,Disco Night,7:30 & E,04:00 PM – 04:00 AM,UNKNOWN,,,,unknown,28,RSL 2026 PDF
&ily,&ily,THU PM — FRI AM,2am,The Lighthouse,,On The Playa,02:00 AM – 04:00 AM,UNKNOWN,,,,unknown,28,RSL 2026 PDF
Vanjee,vanjee,THU PM — FRI AM,12pm,The Melon Motel,Playa Animals Party,2:00 & I,12:00 PM – 06:00 PM,UNKNOWN,,,,unknown,28,RSL 2026 PDF
Vanjee b2b Darco,vanjee b2b darco,THU PM — FRI AM,3pm,The Melon Motel,Playa Animals Party,2:00 & I,12:00 PM – 06:00 PM,UNKNOWN,,,,unknown,28,RSL 2026 PDF
Darco b2b Gordo,darco b2b gordo,THU PM — FRI AM,4pm,The Melon Motel,Playa Animals Party,2:00 & I,12:00 PM – 06:00 PM,UNKNOWN,,,,unknown,28,RSL 2026 PDF
Moondrop,moondrop,THU PM — FRI AM,8pm,The Society of Supreme Excellence,Hose & Houseplants,2:30 & C,08:00 PM – 06:00 AM,UNKNOWN,,,,unknown,28,RSL 2026 PDF
Kodama,kodama,THU PM — FRI AM,9pm,The Society of Supreme Excellence,Hose & Houseplants,2:30 & C,08:00 PM – 06:00 AM,UNKNOWN,,,,unknown,28,RSL 2026 PDF
Fiendi,fiendi,THU PM — FRI AM,10pm,The Society of Supreme Excellence,Hose & Houseplants,2:30 & C,08:00 PM – 06:00 AM,UNKNOWN,,,,unknown,28,RSL 2026 PDF
Shinobi,shinobi,THU PM — FRI AM,11pm,The Society of Supreme Excellence,Hose & Houseplants,2:30 & C,08:00 PM – 06:00 AM,UNKNOWN,,,,unknown,28,RSL 2026 PDF
Iterate,iterate,THU PM — FRI AM,12am,The Society of Supreme Excellence,Hose & Houseplants,2:30 & C,08:00 PM – 06:00 AM,UNKNOWN,,,,unknown,28,RSL 2026 PDF
Juju,juju,THU PM — FRI AM,1am,The Society of Supreme Excellence,Hose & Houseplants,2:30 & C,08:00 PM – 06:00 AM,UNKNOWN,,,,unknown,28,RSL 2026 PDF
Spekt1,spekt1,THU PM — FRI AM,2am,The Society of Supreme Excellence,Hose & Houseplants,2:30 & C,08:00 PM – 06:00 AM,UNKNOWN,,,,unknown,28,RSL 2026 PDF
Raeya,raeya,THU PM — FRI AM,3am,The Society of Supreme Excellence,Hose & Houseplants,2:30 & C,08:00 PM – 06:00 AM,UNKNOWN,,,,unknown,28,RSL 2026 PDF
Danni G,danni g,THU PM — FRI AM,4am,The Society of Supreme Excellence,Hose & Houseplants,2:30 & C,08:00 PM – 06:00 AM,UNKNOWN,,,,unknown,28,RSL 2026 PDF
Xylophile,xylophile,THU PM — FRI AM,5am,The Society of Supreme Excellence,Hose & Houseplants,2:30 & C,08:00 PM – 06:00 AM,UNKNOWN,,,,unknown,28,RSL 2026 PDF
Tørres,tørres,THU PM — FRI AM,1pm,The Sound Garden,,2:00 & E,01:00 PM – 09:30 AM,UNKNOWN,,,,unknown,28,RSL 2026 PDF
Gucci Jaggers,gucci jaggers,THU PM — FRI AM,2:30pm,The Sound Garden,,2:00 & E,01:00 PM – 09:30 AM,UNKNOWN,,,,unknown,28,RSL 2026 PDF
DJ ICON,dj icon,THU PM — FRI AM,4pm,The Sound Garden,,2:00 & E,01:00 PM – 09:30 AM,UNKNOWN,,,,unknown,28,RSL 2026 PDF
crux my heart,crux my heart,THU PM — FRI AM,5pm,The Sound Garden,,2:00 & E,01:00 PM – 09:30 AM,UNKNOWN,,,,unknown,28,RSL 2026 PDF
Swahé,swahé,THU PM — FRI AM,6pm,The Sound Garden,,2:00 & E,01:00 PM – 09:30 AM,UNKNOWN,,,,unknown,28,RSL 2026 PDF
Magisus,magisus,THU PM — FRI AM,7pm,The Sound Garden,,2:00 & E,01:00 PM – 09:30 AM,UNKNOWN,,,,unknown,28,RSL 2026 PDF
HANDZ,handz,THU PM — FRI AM,8:30pm,The Sound Garden,,2:00 & E,01:00 PM – 09:30 AM,UNKNOWN,,,,unknown,28,RSL 2026 PDF
Māz Ze Tār,māz ze tār,THU PM — FRI AM,10pm,The Sound Garden,,2:00 & E,01:00 PM – 09:30 AM,UNKNOWN,,,,unknown,28,RSL 2026 PDF
KR3TURE,kr3ture,THU PM — FRI AM,11pm,The Sound Garden,,2:00 & E,01:00 PM – 09:30 AM,UNKNOWN,,,,unknown,28,RSL 2026 PDF
Fiendi,fiendi,THU PM — FRI AM,12am,The Sound Garden,,2:00 & E,01:00 PM – 09:30 AM,UNKNOWN,,,,unknown,28,RSL 2026 PDF
Moondrop,moondrop,THU PM — FRI AM,1am,The Sound Garden,,2:00 & E,01:00 PM – 09:30 AM,UNKNOWN,,,,unknown,28,RSL 2026 PDF
2JUICY,2juicy,THU PM — FRI AM,2am,The Sound Garden,,2:00 & E,01:00 PM – 09:30 AM,UNKNOWN,,,,unknown,28,RSL 2026 PDF
Gordyceps,gordyceps,THU PM — FRI AM,3am,The Sound Garden,,2:00 & E,01:00 PM – 09:30 AM,UNKNOWN,,,,unknown,28,RSL 2026 PDF
Colibria,colibria,THU PM — FRI AM,4am,The Sound Garden,,2:00 & E,01:00 PM – 09:30 AM,UNKNOWN,,,,unknown,28,RSL 2026 PDF
Jkali,jkali,THU PM — FRI AM,4:30am,The Sound Garden,,2:00 & E,01:00 PM – 09:30 AM,UNKNOWN,,,,unknown,28,RSL 2026 PDF
Dijiact,dijiact,THU PM — FRI AM,5:30am,The Sound Garden,,2:00 & E,01:00 PM – 09:30 AM,UNKNOWN,,,,unknown,28,RSL 2026 PDF
AVATARA,avatara,THU PM — FRI AM,6:30am,The Sound Garden,,2:00 & E,01:00 PM – 09:30 AM,UNKNOWN,,,,unknown,28,RSL 2026 PDF
Tala Sage,tala sage,THU PM — FRI AM,7:30am,The Sound Garden,,2:00 & E,01:00 PM – 09:30 AM,UNKNOWN,,,,unknown,28,RSL 2026 PDF
Lyran,lyran,THU PM — FRI AM,8:30am,The Sound Garden,,2:00 & E,01:00 PM – 09:30 AM,UNKNOWN,,,,unknown,28,RSL 2026 PDF
Martinez Sr.,martinez sr.,THU PM — FRI AM,9pm,Twilight language,Music. Art. Pizza!,10:00 & I,09:00 PM – 05:00 AM,UNKNOWN,,,,unknown,28,RSL 2026 PDF
Iman Rizky,iman rizky,THU PM — FRI AM,9:30pm,Twilight language,Music. Art. Pizza!,10:00 & I,09:00 PM – 05:00 AM,UNKNOWN,,,,unknown,28,RSL 2026 PDF
Lovecraft,lovecraft,THU PM — FRI AM,11pm,Twilight language,Music. Art. Pizza!,10:00 & I,09:00 PM – 05:00 AM,UNKNOWN,,,,unknown,28,RSL 2026 PDF
Zach Walker,zach walker,THU PM — FRI AM,12:30am,Twilight language,Music. Art. Pizza!,10:00 & I,09:00 PM – 05:00 AM,UNKNOWN,,,,unknown,28,RSL 2026 PDF
Rodriguez Jr.,rodriguez jr.,THU PM — FRI AM,2am,Twilight language,Music. Art. Pizza!,10:00 & I,09:00 PM – 05:00 AM,UNKNOWN,,,,unknown,28,RSL 2026 PDF
Igor Marijuan,igor marijuan,THU PM — FRI AM,3:30am,Twilight language,Music. Art. Pizza!,10:00 & I,09:00 PM – 05:00 AM,UNKNOWN,,,,unknown,28,RSL 2026 PDF
Kaizen,kaizen,THU PM — FRI AM,9pm,U.F.O.,Fire Archery,E & 7:45,09:00 PM – 01:00 AM,UNKNOWN,,,,unknown,28,RSL 2026 PDF
Chillin Spree,chillin spree,THU PM — FRI AM,10pm,U.F.O.,Fire Archery,E & 7:45,09:00 PM – 01:00 AM,UNKNOWN,,,,unknown,28,RSL 2026 PDF
2JUICY,2juicy,THU PM — FRI AM,11pm,U.F.O.,Fire Archery,E & 7:45,09:00 PM – 01:00 AM,UNKNOWN,,,,unknown,28,RSL 2026 PDF
Wizdro,wizdro,THU PM — FRI AM,12am,U.F.O.,Fire Archery,E & 7:45,09:00 PM – 01:00 AM,UNKNOWN,,,,unknown,28,RSL 2026 PDF
Manfredi大人,manfredi大人,THU PM — FRI AM,12pm,Venice Red Light,Red Light Therapy,2:00 & 2:00 B Plaza,12:00 PM – 04:00 PM,UNKNOWN,,,,unknown,28,RSL 2026 PDF
O.BEE b2b Tomas Station,o.bee b2b tomas station,THU PM — FRI AM,2pm,Venice Red Light,Red Light Therapy,2:00 & 2:00 B Plaza,12:00 PM – 04:00 PM,UNKNOWN,,,,unknown,28,RSL 2026 PDF
Sidestreets,sidestreets,THU PM — FRI AM,9am,Waffles & House,,8:30 & C,09:00 AM – 12:00 PM,UNKNOWN,,,,unknown,28,RSL 2026 PDF
illich Mujica,illich mujica,THU PM — FRI AM,10am,Waffles & House,,8:30 & C,09:00 AM – 12:00 PM,UNKNOWN,,,,unknown,28,RSL 2026 PDF
Waffles & House DJ's (Waffolympics),waffles & house dj's (waffolympics),THU PM — FRI AM,11:30am,Waffles & House,,8:30 & C,09:00 AM – 12:00 PM,UNKNOWN,,,,unknown,28,RSL 2026 PDF
Fire Conclave,fire conclave,THU PM — FRI AM,8:30pm,XUZA,"Fire, Fire, Fire",Esplanade & 8:00,08:30 PM – 10:30 PM,UNKNOWN,,,,unknown,29,RSL 2026 PDF
Riley Love,riley love,THU PM — FRI AM,9:30pm,XUZA,"Fire, Fire, Fire",Esplanade & 8:00,08:30 PM – 10:30 PM,UNKNOWN,,,,unknown,29,RSL 2026 PDF
Gongo,gongo,THU PM — FRI AM,10:30pm,XUZA,Art Burn Cruise,On The Playa,10:30 PM – 12:30 AM,UNKNOWN,,,,unknown,29,RSL 2026 PDF
Loki,loki,THU PM — FRI AM,11:30pm,XUZA,Art Burn Cruise,On The Playa,10:30 PM – 12:30 AM,UNKNOWN,,,,unknown,29,RSL 2026 PDF
Dom Dolla,dom dolla,THU PM — FRI AM,4pm,Zero Fucks,,9:30 & B,04:00 PM – 06:00 PM,UNKNOWN,,,,unknown,29,RSL 2026 PDF
jester,jester,THU PM — FRI AM,10pm,Zero Fucks,Burnhain Klubnot-Playarama Stage,9:30 & B,10:00 PM – 02:00 AM,UNKNOWN,,,,unknown,29,RSL 2026 PDF
dj spacecamp,dj spacecamp,THU PM — FRI AM,11pm,Zero Fucks,Burnhain Klubnot-Playarama Stage,9:30 & B,10:00 PM – 02:00 AM,UNKNOWN,,,,unknown,29,RSL 2026 PDF
BAGGINS,baggins,THU PM — FRI AM,12am,Zero Fucks,Burnhain Klubnot-Playarama Stage,9:30 & B,10:00 PM – 02:00 AM,UNKNOWN,,,,unknown,29,RSL 2026 PDF
turtletheory,turtletheory,THU PM — FRI AM,1am,Zero Fucks,Burnhain Klubnot-Playarama Stage,9:30 & B,10:00 PM – 02:00 AM,UNKNOWN,,,,unknown,29,RSL 2026 PDF
docta reebs,docta reebs,THU PM — FRI AM,10pm,Zero Fucks,BlackRock Klubnot-Burnhain Stage,9:30 & B,10:00 PM – 02:30 AM,UNKNOWN,,,,unknown,29,RSL 2026 PDF
gargar,gargar,THU PM — FRI AM,11pm,Zero Fucks,BlackRock Klubnot-Burnhain Stage,9:30 & B,10:00 PM – 02:30 AM,UNKNOWN,,,,unknown,29,RSL 2026 PDF
sachiko,sachiko,THU PM — FRI AM,12am,Zero Fucks,BlackRock Klubnot-Burnhain Stage,9:30 & B,10:00 PM – 02:30 AM,UNKNOWN,,,,unknown,29,RSL 2026 PDF
sam drake,sam drake,THU PM — FRI AM,1am,Zero Fucks,BlackRock Klubnot-Burnhain Stage,9:30 & B,10:00 PM – 02:30 AM,UNKNOWN,,,,unknown,29,RSL 2026 PDF
Riley,riley,FRI PM — SAT AM,4pm,¡AXOLOTL! The Earth Guardian,,On The Playa,04:00 PM – 10:00 PM,UNKNOWN,,,,unknown,30,RSL 2026 PDF
Rodo Beats,rodo beats,FRI PM — SAT AM,5:30pm,¡AXOLOTL! The Earth Guardian,,On The Playa,04:00 PM – 10:00 PM,UNKNOWN,,,,unknown,30,RSL 2026 PDF
Kon Faber,kon faber,FRI PM — SAT AM,7pm,¡AXOLOTL! The Earth Guardian,,On The Playa,04:00 PM – 10:00 PM,UNKNOWN,,,,unknown,30,RSL 2026 PDF
Caro Leger,caro leger,FRI PM — SAT AM,8:30pm,¡AXOLOTL! The Earth Guardian,,On The Playa,04:00 PM – 10:00 PM,UNKNOWN,,,,unknown,30,RSL 2026 PDF
Alko,alko,FRI PM — SAT AM,10pm,¡AXOLOTL! The Earth Guardian,GOAT Community Takeover,On The Playa,10:00 PM – 07:00 AM,UNKNOWN,,,,unknown,30,RSL 2026 PDF
Chafic,chafic,FRI PM — SAT AM,11:30pm,¡AXOLOTL! The Earth Guardian,GOAT Community Takeover,On The Playa,10:00 PM – 07:00 AM,UNKNOWN,,,,unknown,30,RSL 2026 PDF
Mona Pirzad,mona pirzad,FRI PM — SAT AM,1am,¡AXOLOTL! The Earth Guardian,GOAT Community Takeover,On The Playa,10:00 PM – 07:00 AM,UNKNOWN,,,,unknown,30,RSL 2026 PDF
John Woods,john woods,FRI PM — SAT AM,2:30am,¡AXOLOTL! The Earth Guardian,GOAT Community Takeover,On The Playa,10:00 PM – 07:00 AM,UNKNOWN,,,,unknown,30,RSL 2026 PDF
Maxi Meraki,maxi meraki,FRI PM — SAT AM,4am,¡AXOLOTL! The Earth Guardian,GOAT Community Takeover,On The Playa,10:00 PM – 07:00 AM,UNKNOWN,,,,unknown,30,RSL 2026 PDF
Xinobi,xinobi,FRI PM — SAT AM,5:30am,¡AXOLOTL! The Earth Guardian,GOAT Community Takeover,On The Playa,10:00 PM – 07:00 AM,UNKNOWN,,,,unknown,30,RSL 2026 PDF
Cat Daddy and Pixie Stix,cat daddy and pixie stix,FRI PM — SAT AM,12pm,Alternative Energy Zone,KAEZ radio 96.3fm,3:30 & E,12:00 PM – 08:00 PM,UNKNOWN,,,,unknown,30,RSL 2026 PDF
Absolutely Yakking Chaos,absolutely yakking chaos,FRI PM — SAT AM,2pm,Alternative Energy Zone,KAEZ radio 96.3fm,3:30 & E,12:00 PM – 08:00 PM,UNKNOWN,,,,unknown,30,RSL 2026 PDF
Karpfen Und Speck,karpfen und speck,FRI PM — SAT AM,4pm,Alternative Energy Zone,KAEZ radio 96.3fm,3:30 & E,12:00 PM – 08:00 PM,UNKNOWN,,,,unknown,30,RSL 2026 PDF
DJ Muffinz,dj muffinz,FRI PM — SAT AM,6pm,Alternative Energy Zone,KAEZ radio 96.3fm,3:30 & E,12:00 PM – 08:00 PM,UNKNOWN,,,,unknown,30,RSL 2026 PDF
Joy Machine,joy machine,FRI PM — SAT AM,10am,Alternative Energy Zone,KAEZ radio 96.3fm,3:30 & E,10:00 AM – 12:00 PM,UNKNOWN,,,,unknown,30,RSL 2026 PDF
Kinnu,kinnu,FRI PM — SAT AM,12:30pm,Astral Lab,36 Hour Ritual In Trance Part 2,10:00 & F,12:00 PM – 08:00 PM,UNKNOWN,,,,unknown,30,RSL 2026 PDF
NØVA,nøva,FRI PM — SAT AM,2pm,Astral Lab,36 Hour Ritual In Trance Part 2,10:00 & F,12:00 PM – 08:00 PM,UNKNOWN,,,,unknown,30,RSL 2026 PDF
Bass Relation,bass relation,FRI PM — SAT AM,3:30pm,Astral Lab,36 Hour Ritual In Trance Part 2,10:00 & F,12:00 PM – 08:00 PM,UNKNOWN,,,,unknown,30,RSL 2026 PDF
Infinite Sun,infinite sun,FRI PM — SAT AM,5pm,Astral Lab,36 Hour Ritual In Trance Part 2,10:00 & F,12:00 PM – 08:00 PM,UNKNOWN,,,,unknown,30,RSL 2026 PDF
Amoeba,amoeba,FRI PM — SAT AM,6:30pm,Astral Lab,36 Hour Ritual In Trance Part 2,10:00 & F,12:00 PM – 08:00 PM,UNKNOWN,,,,unknown,30,RSL 2026 PDF
Sensoma,sensoma,FRI PM — SAT AM,8pm,Astral Lab,36 Hour Ritual In Trance Part 3,10:00 & F,08:00 PM – 08:00 AM,UNKNOWN,,,,unknown,30,RSL 2026 PDF
Parus,parus,FRI PM — SAT AM,9:30pm,Astral Lab,36 Hour Ritual In Trance Part 3,10:00 & F,08:00 PM – 08:00 AM,UNKNOWN,,,,unknown,30,RSL 2026 PDF
Xipil,xipil,FRI PM — SAT AM,11pm,Astral Lab,36 Hour Ritual In Trance Part 3,10:00 & F,08:00 PM – 08:00 AM,UNKNOWN,,,,unknown,30,RSL 2026 PDF
Omkryll,omkryll,FRI PM — SAT AM,12:30am,Astral Lab,36 Hour Ritual In Trance Part 3,10:00 & F,08:00 PM – 08:00 AM,UNKNOWN,,,,unknown,30,RSL 2026 PDF
Melting Vision,melting vision,FRI PM — SAT AM,2am,Astral Lab,36 Hour Ritual In Trance Part 3,10:00 & F,08:00 PM – 08:00 AM,UNKNOWN,,,,unknown,30,RSL 2026 PDF
Razing Prophet,razing prophet,FRI PM — SAT AM,4am,Astral Lab,36 Hour Ritual In Trance Part 3,10:00 & F,08:00 PM – 08:00 AM,UNKNOWN,,,,unknown,30,RSL 2026 PDF
Jagno Gaia,jagno gaia,FRI PM — SAT AM,6am,Astral Lab,36 Hour Ritual In Trance Part 3,10:00 & F,08:00 PM – 08:00 AM,UNKNOWN,,,,unknown,30,RSL 2026 PDF
Travis Press,travis press,FRI PM — SAT AM,2pm,Bad Asstronauts,"Oh no, UFO!",7:30 B Plaza @ 9:45,02:00 PM – 07:00 PM,UNKNOWN,,,,unknown,30,RSL 2026 PDF
Truprwulf,truprwulf,FRI PM — SAT AM,3pm,Bad Asstronauts,"Oh no, UFO!",7:30 B Plaza @ 9:45,02:00 PM – 07:00 PM,UNKNOWN,,,,unknown,30,RSL 2026 PDF
Sunrise Sonder,sunrise sonder,FRI PM — SAT AM,4pm,Bad Asstronauts,"Oh no, UFO!",7:30 B Plaza @ 9:45,02:00 PM – 07:00 PM,UNKNOWN,,,,unknown,30,RSL 2026 PDF
Josh Forster,josh forster,FRI PM — SAT AM,5pm,Bad Asstronauts,"Oh no, UFO!",7:30 B Plaza @ 9:45,02:00 PM – 07:00 PM,UNKNOWN,,,,unknown,30,RSL 2026 PDF
Chromophore,chromophore,FRI PM — SAT AM,6pm,Bad Asstronauts,"Oh no, UFO!",7:30 B Plaza @ 9:45,02:00 PM – 07:00 PM,UNKNOWN,,,,unknown,30,RSL 2026 PDF
Swingline,swingline,FRI PM — SAT AM,4pm,Best Butt,Pre-Awkward Songs To Strip To,B & 8:45,04:00 PM – 05:00 PM,UNKNOWN,,,,unknown,30,RSL 2026 PDF
Mai Tai,mai tai,FRI PM — SAT AM,11am,Best Butt,Drum and Breakfast,B & 8:45,11:00 AM – 12:00 PM,UNKNOWN,,,,unknown,30,RSL 2026 PDF
Jackolope Hour,jackolope hour,FRI PM — SAT AM,12pm,Black Rock Travel Agency,ShoutingFire/Radio Electra 99.5,Airport Road,12:00 PM – 12:00 AM,UNKNOWN,,,,unknown,30,RSL 2026 PDF
Mix Life Crisis,mix life crisis,FRI PM — SAT AM,1pm,Black Rock Travel Agency,ShoutingFire/Radio Electra 99.5,Airport Road,12:00 PM – 12:00 AM,UNKNOWN,,,,unknown,30,RSL 2026 PDF
Snarky Santa,snarky santa,FRI PM — SAT AM,5pm,Black Rock Travel Agency,ShoutingFire/Radio Electra 99.5,Airport Road,12:00 PM – 12:00 AM,UNKNOWN,,,,unknown,30,RSL 2026 PDF
KFLiP Hot Mics,kflip hot mics,FRI PM — SAT AM,7pm,Black Rock Travel Agency,ShoutingFire/Radio Electra 99.5,Airport Road,12:00 PM – 12:00 AM,UNKNOWN,,,,unknown,30,RSL 2026 PDF
Nekropolis,nekropolis,FRI PM — SAT AM,10pm,Black Rock Travel Agency,ShoutingFire/Radio Electra 99.5,Airport Road,12:00 PM – 12:00 AM,UNKNOWN,,,,unknown,30,RSL 2026 PDF
Radio Theater,radio theater,FRI PM — SAT AM,12am,Black Rock Travel Agency,ShoutingFire/Radio Electra 99.5,Airport Road,12:00 AM – 12:00 PM,UNKNOWN,,,,unknown,30,RSL 2026 PDF
Children's Hour,children's hour,FRI PM — SAT AM,7am,Black Rock Travel Agency,ShoutingFire/Radio Electra 99.5,Airport Road,12:00 AM – 12:00 PM,UNKNOWN,,,,unknown,30,RSL 2026 PDF
On a Roll,on a roll,FRI PM — SAT AM,8am,Black Rock Travel Agency,ShoutingFire/Radio Electra 99.5,Airport Road,12:00 AM – 12:00 PM,UNKNOWN,,,,unknown,30,RSL 2026 PDF
Spaxterzone,spaxterzone,FRI PM — SAT AM,9am,Black Rock Travel Agency,ShoutingFire/Radio Electra 99.5,Airport Road,12:00 AM – 12:00 PM,UNKNOWN,,,,unknown,30,RSL 2026 PDF
Vozhd',vozhd',FRI PM — SAT AM,7pm,Blue Bull,Ukrainian Night,Hero Armor,07:00 PM – 02:00 AM,UNKNOWN,,,,unknown,30,RSL 2026 PDF
D1,d1,FRI PM — SAT AM,8pm,Blue Bull,Ukrainian Night,Hero Armor,07:00 PM – 02:00 AM,UNKNOWN,,,,unknown,30,RSL 2026 PDF
Mamay,mamay,FRI PM — SAT AM,10pm,Blue Bull,Ukrainian Night,Hero Armor,07:00 PM – 02:00 AM,UNKNOWN,,,,unknown,30,RSL 2026 PDF
Ro Rousseau,ro rousseau,FRI PM — SAT AM,12am,Blue Bull,Ukrainian Night,Hero Armor,07:00 PM – 02:00 AM,UNKNOWN,,,,unknown,30,RSL 2026 PDF
Megashear,megashear,FRI PM — SAT AM,12pm,BMIR,94.5 FM The Voice of the Man,Esplanade & 5:45,12:00 PM – 12:00 AM,UNKNOWN,,,,unknown,30,RSL 2026 PDF
Loboman,loboman,FRI PM — SAT AM,2pm,BMIR,94.5 FM The Voice of the Man,Esplanade & 5:45,12:00 PM – 12:00 AM,UNKNOWN,,,,unknown,30,RSL 2026 PDF
Full Service,full service,FRI PM — SAT AM,4pm,BMIR,94.5 FM The Voice of the Man,Esplanade & 5:45,12:00 PM – 12:00 AM,UNKNOWN,,,,unknown,30,RSL 2026 PDF
Gourmet Eddie,gourmet eddie,FRI PM — SAT AM,6pm,BMIR,94.5 FM The Voice of the Man,Esplanade & 5:45,12:00 PM – 12:00 AM,UNKNOWN,,,,unknown,30,RSL 2026 PDF
DAWdust,dawdust,FRI PM — SAT AM,8pm,BMIR,94.5 FM The Voice of the Man,Esplanade & 5:45,12:00 PM – 12:00 AM,UNKNOWN,,,,unknown,30,RSL 2026 PDF
Klee,klee,FRI PM — SAT AM,10pm,BMIR,94.5 FM The Voice of the Man,Esplanade & 5:45,12:00 PM – 12:00 AM,UNKNOWN,,,,unknown,30,RSL 2026 PDF
Illexxandra,illexxandra,FRI PM — SAT AM,12am,BMIR,94.5 FM The Voice of the Man,Esplanade & 5:45,12:00 AM – 12:00 PM,UNKNOWN,,,,unknown,30,RSL 2026 PDF
Shakey,shakey,FRI PM — SAT AM,2am,BMIR,94.5 FM The Voice of the Man,Esplanade & 5:45,12:00 AM – 12:00 PM,UNKNOWN,,,,unknown,30,RSL 2026 PDF
Brendan Burke,brendan burke,FRI PM — SAT AM,4am,BMIR,94.5 FM The Voice of the Man,Esplanade & 5:45,12:00 AM – 12:00 PM,UNKNOWN,,,,unknown,30,RSL 2026 PDF
Tango,tango,FRI PM — SAT AM,6am,BMIR,94.5 FM The Voice of the Man,Esplanade & 5:45,12:00 AM – 12:00 PM,UNKNOWN,,,,unknown,30,RSL 2026 PDF
CampMomDad,campmomdad,FRI PM — SAT AM,8am,BMIR,94.5 FM The Voice of the Man,Esplanade & 5:45,12:00 AM – 12:00 PM,UNKNOWN,,,,unknown,30,RSL 2026 PDF
Double Impact,double impact,FRI PM — SAT AM,10am,BMIR,94.5 FM The Voice of the Man,Esplanade & 5:45,12:00 AM – 12:00 PM,UNKNOWN,,,,unknown,30,RSL 2026 PDF
Special Guest,special guest,FRI PM — SAT AM,12pm,Bubble Lounge,,7:30 B Plaza @ 3:45,12:00 PM – 08:00 PM,UNKNOWN,,,,unknown,31,RSL 2026 PDF
Zak Berrie,zak berrie,FRI PM — SAT AM,2pm,Bubble Lounge,,7:30 B Plaza @ 3:45,12:00 PM – 08:00 PM,UNKNOWN,,,,unknown,31,RSL 2026 PDF
Casey Gordon b2b Robot Batson,casey gordon b2b robot batson,FRI PM — SAT AM,4pm,Bubble Lounge,,7:30 B Plaza @ 3:45,12:00 PM – 08:00 PM,UNKNOWN,,,,unknown,31,RSL 2026 PDF
Chris Mindel,chris mindel,FRI PM — SAT AM,6pm,Bubble Lounge,,7:30 B Plaza @ 3:45,12:00 PM – 08:00 PM,UNKNOWN,,,,unknown,31,RSL 2026 PDF
Henrik,henrik,FRI PM — SAT AM,3pm,Camp Butter,CHURNING MAN (all yellow),D & 4:15,03:00 PM – 08:00 PM,UNKNOWN,,,,unknown,31,RSL 2026 PDF
Mouse,mouse,FRI PM — SAT AM,4pm,Camp Butter,CHURNING MAN (all yellow),D & 4:15,03:00 PM – 08:00 PM,UNKNOWN,,,,unknown,31,RSL 2026 PDF
M2,m2,FRI PM — SAT AM,5pm,Camp Butter,CHURNING MAN (all yellow),D & 4:15,03:00 PM – 08:00 PM,UNKNOWN,,,,unknown,31,RSL 2026 PDF
KZ,kz,FRI PM — SAT AM,6pm,Camp Butter,CHURNING MAN (all yellow),D & 4:15,03:00 PM – 08:00 PM,UNKNOWN,,,,unknown,31,RSL 2026 PDF
Brother Gabriel,brother gabriel,FRI PM — SAT AM,7pm,Camp Butter,CHURNING MAN (all yellow),D & 4:15,03:00 PM – 08:00 PM,UNKNOWN,,,,unknown,31,RSL 2026 PDF
Zach,zach,FRI PM — SAT AM,8pm,Camp Shutterbuggy,Spin & Sin,E & 7:15,08:00 PM – 12:00 AM,UNKNOWN,,,,unknown,31,RSL 2026 PDF
Amina,amina,FRI PM — SAT AM,9pm,Camp Shutterbuggy,Spin & Sin,E & 7:15,08:00 PM – 12:00 AM,UNKNOWN,,,,unknown,31,RSL 2026 PDF
MITOTIA,mitotia,FRI PM — SAT AM,10pm,Camp Shutterbuggy,Spin & Sin,E & 7:15,08:00 PM – 12:00 AM,UNKNOWN,,,,unknown,31,RSL 2026 PDF
Connor,connor,FRI PM — SAT AM,11pm,Camp Shutterbuggy,Spin & Sin,E & 7:15,08:00 PM – 12:00 AM,UNKNOWN,,,,unknown,31,RSL 2026 PDF
Kimonos,kimonos,FRI PM — SAT AM,12pm,Christina: Queen of the BRC,Freakin Burning Disco w/ Land Ho,E & 2:15,12:00 PM – 06:00 AM,UNKNOWN,,,,unknown,31,RSL 2026 PDF
All Artists B2B2B,all artists b2b2b,FRI PM — SAT AM,4pm,Christina: Queen of the BRC,Freakin Burning Disco w/ Land Ho,E & 2:15,12:00 PM – 06:00 AM,UNKNOWN,,,,unknown,31,RSL 2026 PDF
Santiago Garcia,santiago garcia,FRI PM — SAT AM,6pm,Christina: Queen of the BRC,Freakin Burning Disco w/ Land Ho,E & 2:15,12:00 PM – 06:00 AM,UNKNOWN,,,,unknown,31,RSL 2026 PDF
Alkemiss Erika,alkemiss erika,FRI PM — SAT AM,8pm,Christina: Queen of the BRC,Freakin Burning Disco w/ Land Ho,E & 2:15,12:00 PM – 06:00 AM,UNKNOWN,,,,unknown,31,RSL 2026 PDF
Jerzy Del Mar,jerzy del mar,FRI PM — SAT AM,10pm,Christina: Queen of the BRC,Freakin Burning Disco w/ Land Ho,E & 2:15,12:00 PM – 06:00 AM,UNKNOWN,,,,unknown,31,RSL 2026 PDF
Theo Wizman,theo wizman,FRI PM — SAT AM,12am,Christina: Queen of the BRC,Freakin Burning Disco w/ Land Ho,E & 2:15,12:00 PM – 06:00 AM,UNKNOWN,,,,unknown,31,RSL 2026 PDF
Milika,milika,FRI PM — SAT AM,2am,Christina: Queen of the BRC,Freakin Burning Disco w/ Land Ho,E & 2:15,12:00 PM – 06:00 AM,UNKNOWN,,,,unknown,31,RSL 2026 PDF
Lisonthedrums,lisonthedrums,FRI PM — SAT AM,4am,Christina: Queen of the BRC,Freakin Burning Disco w/ Land Ho,E & 2:15,12:00 PM – 06:00 AM,UNKNOWN,,,,unknown,31,RSL 2026 PDF
Rhye,rhye,FRI PM — SAT AM,6pm,Christina: Queen of the BRC,Honoring 4 direction & elements,Fire Circle,06:00 PM – 10:00 PM,UNKNOWN,,,,unknown,31,RSL 2026 PDF
Yaku means Water (Hybrid set),yaku means water (hybrid set),FRI PM — SAT AM,8pm,Christina: Queen of the BRC,Honoring 4 direction & elements,Fire Circle,06:00 PM – 10:00 PM,UNKNOWN,,,,unknown,31,RSL 2026 PDF
Eje (ee-jay),eje (ee-jay),FRI PM — SAT AM,10pm,Christina: Queen of the BRC,feat. Listed & Wildlife,Fire Circle,10:00 PM – 05:30 AM,UNKNOWN,,,,unknown,31,RSL 2026 PDF
Dj Ryder,dj ryder,FRI PM — SAT AM,11:30pm,Christina: Queen of the BRC,feat. Listed & Wildlife,Fire Circle,10:00 PM – 05:30 AM,UNKNOWN,,,,unknown,31,RSL 2026 PDF
Greg Eversoul,greg eversoul,FRI PM — SAT AM,1am,Christina: Queen of the BRC,feat. Listed & Wildlife,Fire Circle,10:00 PM – 05:30 AM,UNKNOWN,,,,unknown,31,RSL 2026 PDF
Nikita,nikita,FRI PM — SAT AM,2:30am,Christina: Queen of the BRC,feat. Listed & Wildlife,Fire Circle,10:00 PM – 05:30 AM,UNKNOWN,,,,unknown,31,RSL 2026 PDF
Shawna Hofmann,shawna hofmann,FRI PM — SAT AM,4am,Christina: Queen of the BRC,feat. Listed & Wildlife,Fire Circle,10:00 PM – 05:30 AM,UNKNOWN,,,,unknown,31,RSL 2026 PDF
Guest DJ,guest dj,FRI PM — SAT AM,4pm,Cuddle Oasis,,Esplanade & 2:30,04:00 PM – 12:00 AM,UNKNOWN,,,,unknown,31,RSL 2026 PDF
Dükank,dükank,FRI PM — SAT AM,6pm,Cuddle Oasis,,Esplanade & 2:30,04:00 PM – 12:00 AM,UNKNOWN,,,,unknown,31,RSL 2026 PDF
Authenticity,authenticity,FRI PM — SAT AM,7:30pm,Cuddle Oasis,,Esplanade & 2:30,04:00 PM – 12:00 AM,UNKNOWN,,,,unknown,31,RSL 2026 PDF
Mario Lui,mario lui,FRI PM — SAT AM,9pm,Cuddle Oasis,,Esplanade & 2:30,04:00 PM – 12:00 AM,UNKNOWN,,,,unknown,31,RSL 2026 PDF
Ketaract,ketaract,FRI PM — SAT AM,10:30pm,Cuddle Oasis,,Esplanade & 2:30,04:00 PM – 12:00 AM,UNKNOWN,,,,unknown,31,RSL 2026 PDF
Ladybeats,ladybeats,FRI PM — SAT AM,1pm,DeMentha,"Mojitos, Music, Mist",3:00 Portal & A,01:00 PM – 06:00 PM,UNKNOWN,,,,unknown,31,RSL 2026 PDF
OBER,ober,FRI PM — SAT AM,2pm,DeMentha,"Mojitos, Music, Mist",3:00 Portal & A,01:00 PM – 06:00 PM,UNKNOWN,,,,unknown,31,RSL 2026 PDF
Yaz,yaz,FRI PM — SAT AM,3pm,DeMentha,"Mojitos, Music, Mist",3:00 Portal & A,01:00 PM – 06:00 PM,UNKNOWN,,,,unknown,31,RSL 2026 PDF
Kohbain,kohbain,FRI PM — SAT AM,4pm,DeMentha,"Mojitos, Music, Mist",3:00 Portal & A,01:00 PM – 06:00 PM,UNKNOWN,,,,unknown,31,RSL 2026 PDF
Feen,feen,FRI PM — SAT AM,5pm,DeMentha,"Mojitos, Music, Mist",3:00 Portal & A,01:00 PM – 06:00 PM,UNKNOWN,,,,unknown,31,RSL 2026 PDF
RMC,rmc,FRI PM — SAT AM,8pm,Deoxidized,Vibes on Toast w/ Camp Cohere,2:00 & D,08:00 PM – 03:00 AM,UNKNOWN,,,,unknown,31,RSL 2026 PDF
Michael Okimoto,michael okimoto,FRI PM — SAT AM,9pm,Deoxidized,Vibes on Toast w/ Camp Cohere,2:00 & D,08:00 PM – 03:00 AM,UNKNOWN,,,,unknown,31,RSL 2026 PDF
Nasty Nate,nasty nate,FRI PM — SAT AM,10pm,Deoxidized,Vibes on Toast w/ Camp Cohere,2:00 & D,08:00 PM – 03:00 AM,UNKNOWN,,,,unknown,31,RSL 2026 PDF
Grant Kaye,grant kaye,FRI PM — SAT AM,11pm,Deoxidized,Vibes on Toast w/ Camp Cohere,2:00 & D,08:00 PM – 03:00 AM,UNKNOWN,,,,unknown,31,RSL 2026 PDF
Idiot Savant,idiot savant,FRI PM — SAT AM,12am,Deoxidized,Vibes on Toast w/ Camp Cohere,2:00 & D,08:00 PM – 03:00 AM,UNKNOWN,,,,unknown,31,RSL 2026 PDF
Justin Rich,justin rich,FRI PM — SAT AM,2:30pm,Disorient,,Esplanade & 8:00,02:30 PM – 02:00 AM,UNKNOWN,,,,unknown,31,RSL 2026 PDF
Coyoti,coyoti,FRI PM — SAT AM,4:30pm,Disorient,,Esplanade & 8:00,02:30 PM – 02:00 AM,UNKNOWN,,,,unknown,31,RSL 2026 PDF
SOMYO,somyo,FRI PM — SAT AM,6pm,Disorient,,Esplanade & 8:00,02:30 PM – 02:00 AM,UNKNOWN,,,,unknown,31,RSL 2026 PDF
Jacques The Ripper,jacques the ripper,FRI PM — SAT AM,8pm,Disorient,,Esplanade & 8:00,02:30 PM – 02:00 AM,UNKNOWN,,,,unknown,31,RSL 2026 PDF
Massio / Loboman,massio / loboman,FRI PM — SAT AM,10pm,Disorient,,Esplanade & 8:00,02:30 PM – 02:00 AM,UNKNOWN,,,,unknown,31,RSL 2026 PDF
Jeremiah Red,jeremiah red,FRI PM — SAT AM,12am,Disorient,,Esplanade & 8:00,02:30 PM – 02:00 AM,UNKNOWN,,,,unknown,31,RSL 2026 PDF
YØU&I,yøu&i,FRI PM — SAT AM,11pm,Eden,Darkness to Light,Let There Be Light,11:00 PM – 09:30 AM,UNKNOWN,,,,unknown,31,RSL 2026 PDF
Nevos,nevos,FRI PM — SAT AM,12am,Eden,Darkness to Light,Let There Be Light,11:00 PM – 09:30 AM,UNKNOWN,,,,unknown,31,RSL 2026 PDF
Club de Combat,club de combat,FRI PM — SAT AM,1:30am,Eden,Darkness to Light,Let There Be Light,11:00 PM – 09:30 AM,UNKNOWN,,,,unknown,31,RSL 2026 PDF
Kimonos,kimonos,FRI PM — SAT AM,3am,Eden,Darkness to Light,Let There Be Light,11:00 PM – 09:30 AM,UNKNOWN,,,,unknown,31,RSL 2026 PDF
Rafael,rafael,FRI PM — SAT AM,4:30am,Eden,Darkness to Light,Let There Be Light,11:00 PM – 09:30 AM,UNKNOWN,,,,unknown,31,RSL 2026 PDF
06:29 Ceremony,06:29 ceremony,FRI PM — SAT AM,6am,Eden,Darkness to Light,Let There Be Light,11:00 PM – 09:30 AM,UNKNOWN,,,,unknown,31,RSL 2026 PDF
Sasi b2b Captain Hook,sasi b2b captain hook,FRI PM — SAT AM,6:30am,Eden,Darkness to Light,Let There Be Light,11:00 PM – 09:30 AM,UNKNOWN,,,,unknown,31,RSL 2026 PDF
Neuromancer,neuromancer,FRI PM — SAT AM,8pm,Emergence with BuddhaLounge,Deep Tribal House Music,10:00 & G,08:00 PM – 11:00 PM,UNKNOWN,,,,unknown,31,RSL 2026 PDF
Amanda Gaez,amanda gaez,FRI PM — SAT AM,9pm,Emergence with BuddhaLounge,Deep Tribal House Music,10:00 & G,08:00 PM – 11:00 PM,UNKNOWN,,,,unknown,31,RSL 2026 PDF
Buddha Bass,buddha bass,FRI PM — SAT AM,10pm,Emergence with BuddhaLounge,Deep Tribal House Music,10:00 & G,08:00 PM – 11:00 PM,UNKNOWN,,,,unknown,31,RSL 2026 PDF
Govinda,govinda,FRI PM — SAT AM,11pm,Emergence with BuddhaLounge,Govinda - Live Violin with Beats,10:00 & G,11:00 PM – 01:00 AM,UNKNOWN,,,,unknown,32,RSL 2026 PDF
Coop,coop,FRI PM — SAT AM,12pm,Funky Town,Get Down,10:00 & D,12:00 PM – 12:00 AM,UNKNOWN,,,,unknown,32,RSL 2026 PDF
Funk Foxx,funk foxx,FRI PM — SAT AM,1pm,Funky Town,Get Down,10:00 & D,12:00 PM – 12:00 AM,UNKNOWN,,,,unknown,32,RSL 2026 PDF
Cameron Angeli,cameron angeli,FRI PM — SAT AM,2pm,Funky Town,Get Down,10:00 & D,12:00 PM – 12:00 AM,UNKNOWN,,,,unknown,32,RSL 2026 PDF
Rambo Party,rambo party,FRI PM — SAT AM,3pm,Funky Town,Get Down,10:00 & D,12:00 PM – 12:00 AM,UNKNOWN,,,,unknown,32,RSL 2026 PDF
Jonny Wild,jonny wild,FRI PM — SAT AM,4pm,Funky Town,Get Down,10:00 & D,12:00 PM – 12:00 AM,UNKNOWN,,,,unknown,32,RSL 2026 PDF
MNTRA,mntra,FRI PM — SAT AM,5pm,Funky Town,Get Down,10:00 & D,12:00 PM – 12:00 AM,UNKNOWN,,,,unknown,32,RSL 2026 PDF
Nevos,nevos,FRI PM — SAT AM,6pm,Funky Town,Get Down,10:00 & D,12:00 PM – 12:00 AM,UNKNOWN,,,,unknown,32,RSL 2026 PDF
Miko Franconi,miko franconi,FRI PM — SAT AM,7:30pm,Funky Town,Get Down,10:00 & D,12:00 PM – 12:00 AM,UNKNOWN,,,,unknown,32,RSL 2026 PDF
Tropic Bomba,tropic bomba,FRI PM — SAT AM,9pm,Funky Town,Get Down,10:00 & D,12:00 PM – 12:00 AM,UNKNOWN,,,,unknown,32,RSL 2026 PDF
Jean Jacque,jean jacque,FRI PM — SAT AM,10:30pm,Funky Town,Get Down,10:00 & D,12:00 PM – 12:00 AM,UNKNOWN,,,,unknown,32,RSL 2026 PDF
Cabaret Performance,cabaret performance,FRI PM — SAT AM,12pm,Glamcocks,Espresso Yourself Neon Cabaret,7:00 & D,12:00 PM – 02:00 PM,UNKNOWN,,,,unknown,32,RSL 2026 PDF
Dan Girshik,dan girshik,FRI PM — SAT AM,1pm,Glamcocks,Espresso Yourself Neon Cabaret,7:00 & D,12:00 PM – 02:00 PM,UNKNOWN,,,,unknown,32,RSL 2026 PDF
Sacred Echoes,sacred echoes,FRI PM — SAT AM,12pm,Hookahdome,Psychedelic Sound Experience,Esplanade & 4:15,12:00 PM – 01:00 PM,UNKNOWN,,,,unknown,32,RSL 2026 PDF
Fido,fido,FRI PM — SAT AM,2pm,Hookahdome,Inside the Dome- Intimate & Live,Esplanade & 4:15,02:00 PM – 05:00 PM,UNKNOWN,,,,unknown,32,RSL 2026 PDF
Rezonance,rezonance,FRI PM — SAT AM,4pm,Hookahdome,Inside the Dome- Intimate & Live,Esplanade & 4:15,02:00 PM – 05:00 PM,UNKNOWN,,,,unknown,32,RSL 2026 PDF
Hookahdome Players,hookahdome players,FRI PM — SAT AM,7pm,Hookahdome,"Live Music Open Mic, Jam & Drum",Esplanade & 4:15,07:00 PM – 08:00 PM,UNKNOWN,,,,unknown,32,RSL 2026 PDF
Cheetatah,cheetatah,FRI PM — SAT AM,4pm,Jail of Hedone,,6:30 & E,04:00 PM – 08:00 PM,UNKNOWN,,,,unknown,32,RSL 2026 PDF
RAF,raf,FRI PM — SAT AM,5pm,Jail of Hedone,,6:30 & E,04:00 PM – 08:00 PM,UNKNOWN,,,,unknown,32,RSL 2026 PDF
VTLX,vtlx,FRI PM — SAT AM,6:30pm,Jail of Hedone,,6:30 & E,04:00 PM – 08:00 PM,UNKNOWN,,,,unknown,32,RSL 2026 PDF
Michæl b2b 5MoXo,michæl b2b 5moxo,FRI PM — SAT AM,1:30pm,Lands Beyond,Michelada Bacchanalia,F & 8:45,12:00 PM – 03:30 PM,UNKNOWN,,,,unknown,32,RSL 2026 PDF
Michæl,michæl,FRI PM — SAT AM,11:30am,Lands Beyond,Michelada Bacchanalia,F & 8:45,11:30 AM – 12:00 PM,UNKNOWN,,,,unknown,32,RSL 2026 PDF
Allen Oh,allen oh,FRI PM — SAT AM,9pm,Mad Tea(se) Party,Domestic Feline Dance Party,Esplanade & 7:15,09:00 PM – 12:00 AM,UNKNOWN,,,,unknown,32,RSL 2026 PDF
Luvlee,luvlee,FRI PM — SAT AM,10pm,Mad Tea(se) Party,Domestic Feline Dance Party,Esplanade & 7:15,09:00 PM – 12:00 AM,UNKNOWN,,,,unknown,32,RSL 2026 PDF
Bettina Rothe,bettina rothe,FRI PM — SAT AM,11pm,Mad Tea(se) Party,Domestic Feline Dance Party,Esplanade & 7:15,09:00 PM – 12:00 AM,UNKNOWN,,,,unknown,32,RSL 2026 PDF
MNTRA,mntra,FRI PM — SAT AM,12am,Mad Tea(se) Party,Mad Tease n Frandz,Esplanade & 7:15,12:00 AM – 04:00 AM,UNKNOWN,,,,unknown,32,RSL 2026 PDF
I.S.H,i.s.h,FRI PM — SAT AM,2am,Mad Tea(se) Party,Mad Tease n Frandz,Esplanade & 7:15,12:00 AM – 04:00 AM,UNKNOWN,,,,unknown,32,RSL 2026 PDF
Häana feat. Metamorphosis Ballet x,häana feat. metamorphosis ballet x,FRI PM — SAT AM,11pm,Metamorphosis Ballet,"""Midnight Sun"" live experience",Apotheneum,11:00 PM – 12:30 AM,UNKNOWN,,,,unknown,32,RSL 2026 PDF
Operator Echo,operator echo,FRI PM — SAT AM,11:30pm,Midnight Roast,Nautical Theme - PsyDay,2:00 & C,11:30 PM – 06:30 AM,UNKNOWN,,,,unknown,32,RSL 2026 PDF
Major Tom,major tom,FRI PM — SAT AM,2am,Midnight Roast,Nautical Theme - PsyDay,2:00 & C,11:30 PM – 06:30 AM,UNKNOWN,,,,unknown,32,RSL 2026 PDF
Special Guest,special guest,FRI PM — SAT AM,3:30am,Midnight Roast,Nautical Theme - PsyDay,2:00 & C,11:30 PM – 06:30 AM,UNKNOWN,,,,unknown,32,RSL 2026 PDF
You,you,FRI PM — SAT AM,8pm,Mighty Misfits,Fuck Yer Tunes,2:30 & D,08:00 PM – 12:00 AM,UNKNOWN,,,,unknown,32,RSL 2026 PDF
Freak the Disco,freak the disco,FRI PM — SAT AM,1:30pm,Miki Beach,Beach Bash,10:00 & F,01:30 PM – 10:30 PM,UNKNOWN,,,,unknown,32,RSL 2026 PDF
Lovecraft,lovecraft,FRI PM — SAT AM,3pm,Miki Beach,Beach Bash,10:00 & F,01:30 PM – 10:30 PM,UNKNOWN,,,,unknown,32,RSL 2026 PDF
Rampue b2b Adaamar,rampue b2b adaamar,FRI PM — SAT AM,4:30pm,Miki Beach,Beach Bash,10:00 & F,01:30 PM – 10:30 PM,UNKNOWN,,,,unknown,32,RSL 2026 PDF
Madota,madota,FRI PM — SAT AM,6pm,Miki Beach,Beach Bash,10:00 & F,01:30 PM – 10:30 PM,UNKNOWN,,,,unknown,32,RSL 2026 PDF
Madmotor Miguel b2b Kotoe,madmotor miguel b2b kotoe,FRI PM — SAT AM,7:30pm,Miki Beach,Beach Bash,10:00 & F,01:30 PM – 10:30 PM,UNKNOWN,,,,unknown,32,RSL 2026 PDF
Lost Desert,lost desert,FRI PM — SAT AM,9pm,Miki Beach,Beach Bash,10:00 & F,01:30 PM – 10:30 PM,UNKNOWN,,,,unknown,32,RSL 2026 PDF
Fabian Capri,fabian capri,FRI PM — SAT AM,6:30pm,MindShark,BRC UKG DnB,Esplanade & 3:00 Portal,06:30 PM – 07:30 AM,UNKNOWN,,,,unknown,33,RSL 2026 PDF
Elder Willow,elder willow,FRI PM — SAT AM,8pm,MindShark,BRC UKG DnB,Esplanade & 3:00 Portal,06:30 PM – 07:30 AM,UNKNOWN,,,,unknown,33,RSL 2026 PDF
J-Thor,j-thor,FRI PM — SAT AM,9:30pm,MindShark,BRC UKG DnB,Esplanade & 3:00 Portal,06:30 PM – 07:30 AM,UNKNOWN,,,,unknown,33,RSL 2026 PDF
Andrew,andrew,FRI PM — SAT AM,11pm,MindShark,BRC UKG DnB,Esplanade & 3:00 Portal,06:30 PM – 07:30 AM,UNKNOWN,,,,unknown,33,RSL 2026 PDF
Ashoat,ashoat,FRI PM — SAT AM,12am,MindShark,BRC UKG DnB,Esplanade & 3:00 Portal,06:30 PM – 07:30 AM,UNKNOWN,,,,unknown,33,RSL 2026 PDF
Nāstë,nāstë,FRI PM — SAT AM,1am,MindShark,BRC UKG DnB,Esplanade & 3:00 Portal,06:30 PM – 07:30 AM,UNKNOWN,,,,unknown,33,RSL 2026 PDF
Thumpty-Thump,thumpty-thump,FRI PM — SAT AM,3am,MindShark,BRC UKG DnB,Esplanade & 3:00 Portal,06:30 PM – 07:30 AM,UNKNOWN,,,,unknown,33,RSL 2026 PDF
&how,&how,FRI PM — SAT AM,4:30am,MindShark,BRC UKG DnB,Esplanade & 3:00 Portal,06:30 PM – 07:30 AM,UNKNOWN,,,,unknown,33,RSL 2026 PDF
Cygon,cygon,FRI PM — SAT AM,6am,MindShark,BRC UKG DnB,Esplanade & 3:00 Portal,06:30 PM – 07:30 AM,UNKNOWN,,,,unknown,33,RSL 2026 PDF
Krakadilla,krakadilla,FRI PM — SAT AM,8pm,Mystic Flyer Experience,,The Man,08:00 PM – 04:00 AM,UNKNOWN,,,,unknown,33,RSL 2026 PDF
Go South,go south,FRI PM — SAT AM,9pm,Mystic Flyer Experience,,The Man,08:00 PM – 04:00 AM,UNKNOWN,,,,unknown,33,RSL 2026 PDF
Natti,natti,FRI PM — SAT AM,10:30pm,Mystic Flyer Experience,,The Man,08:00 PM – 04:00 AM,UNKNOWN,,,,unknown,33,RSL 2026 PDF
DJ Zip Disk,dj zip disk,FRI PM — SAT AM,12:30am,Mystic Flyer Experience,,The Man,08:00 PM – 04:00 AM,UNKNOWN,,,,unknown,33,RSL 2026 PDF
Kalypso,kalypso,FRI PM — SAT AM,2:30am,Mystic Flyer Experience,,The Man,08:00 PM – 04:00 AM,UNKNOWN,,,,unknown,33,RSL 2026 PDF
Usman,usman,FRI PM — SAT AM,8pm,Never Sleep Again,Night bloom happy hour,8:30 & F,08:00 PM – 01:30 AM,UNKNOWN,,,,unknown,33,RSL 2026 PDF
M*linss,m*linss,FRI PM — SAT AM,9pm,Never Sleep Again,Night bloom happy hour,8:30 & F,08:00 PM – 01:30 AM,UNKNOWN,,,,unknown,33,RSL 2026 PDF
Catori,catori,FRI PM — SAT AM,10:30pm,Never Sleep Again,Night bloom happy hour,8:30 & F,08:00 PM – 01:30 AM,UNKNOWN,,,,unknown,33,RSL 2026 PDF
Adaamar,adaamar,FRI PM — SAT AM,12am,Never Sleep Again,Night bloom happy hour,8:30 & F,08:00 PM – 01:30 AM,UNKNOWN,,,,unknown,33,RSL 2026 PDF
DJ TBA,dj tba,FRI PM — SAT AM,4pm,Opulent Temple,Opulent Sunset Party,Esplanade & 10:00,04:00 PM – 09:00 PM,UNKNOWN,,,,unknown,33,RSL 2026 PDF
Club de Combat,club de combat,FRI PM — SAT AM,5pm,Opulent Temple,Opulent Sunset Party,Esplanade & 10:00,04:00 PM – 09:00 PM,UNKNOWN,,,,unknown,33,RSL 2026 PDF
Rafael (Sunset Set),rafael (sunset set),FRI PM — SAT AM,6:30pm,Opulent Temple,Opulent Sunset Party,Esplanade & 10:00,04:00 PM – 09:00 PM,UNKNOWN,,,,unknown,33,RSL 2026 PDF
Sage Ferris,sage ferris,FRI PM — SAT AM,8pm,Opulent Temple,Opulent Sunset Party,Esplanade & 10:00,04:00 PM – 09:00 PM,UNKNOWN,,,,unknown,33,RSL 2026 PDF
Josh Forster,josh forster,FRI PM — SAT AM,9pm,Opulent Temple,Cosmic Dance,Esplanade & 10:00,09:00 PM – 07:30 AM,UNKNOWN,,,,unknown,33,RSL 2026 PDF
Mobad,mobad,FRI PM — SAT AM,10pm,Opulent Temple,Cosmic Dance,Esplanade & 10:00,09:00 PM – 07:30 AM,UNKNOWN,,,,unknown,33,RSL 2026 PDF
Sebastian Konrad,sebastian konrad,FRI PM — SAT AM,11pm,Opulent Temple,Cosmic Dance,Esplanade & 10:00,09:00 PM – 07:30 AM,UNKNOWN,,,,unknown,33,RSL 2026 PDF
Maxi Meraki,maxi meraki,FRI PM — SAT AM,12am,Opulent Temple,Cosmic Dance,Esplanade & 10:00,09:00 PM – 07:30 AM,UNKNOWN,,,,unknown,33,RSL 2026 PDF
Mahmut Orhan b2b Arodes,mahmut orhan b2b arodes,FRI PM — SAT AM,1:30am,Opulent Temple,Cosmic Dance,Esplanade & 10:00,09:00 PM – 07:30 AM,UNKNOWN,,,,unknown,33,RSL 2026 PDF
DJ Icon,dj icon,FRI PM — SAT AM,3:15am,Opulent Temple,Cosmic Dance,Esplanade & 10:00,09:00 PM – 07:30 AM,UNKNOWN,,,,unknown,33,RSL 2026 PDF
Ashley Ames,ashley ames,FRI PM — SAT AM,4:15am,Opulent Temple,Cosmic Dance,Esplanade & 10:00,09:00 PM – 07:30 AM,UNKNOWN,,,,unknown,33,RSL 2026 PDF
Azriel,azriel,FRI PM — SAT AM,5:15am,Opulent Temple,Cosmic Dance,Esplanade & 10:00,09:00 PM – 07:30 AM,UNKNOWN,,,,unknown,33,RSL 2026 PDF
Major Trouble & Nisene (Sunrise Set),major trouble & nisene (sunrise set),FRI PM — SAT AM,6am,Opulent Temple,Cosmic Dance,Esplanade & 10:00,09:00 PM – 07:30 AM,UNKNOWN,,,,unknown,33,RSL 2026 PDF
Catch of the Day,catch of the day,FRI PM — SAT AM,2pm,Salty Jacks,Kaftan Discotheque,9:00 & F,02:00 PM – 07:00 PM,UNKNOWN,,,,unknown,33,RSL 2026 PDF
Ves,ves,FRI PM — SAT AM,3pm,Salty Jacks,Kaftan Discotheque,9:00 & F,02:00 PM – 07:00 PM,UNKNOWN,,,,unknown,33,RSL 2026 PDF
Ned,ned,FRI PM — SAT AM,4pm,Salty Jacks,Kaftan Discotheque,9:00 & F,02:00 PM – 07:00 PM,UNKNOWN,,,,unknown,33,RSL 2026 PDF
Roxanne Roll & Siren Gliss,roxanne roll & siren gliss,FRI PM — SAT AM,5pm,Salty Jacks,Kaftan Discotheque,9:00 & F,02:00 PM – 07:00 PM,UNKNOWN,,,,unknown,33,RSL 2026 PDF
Semuta,semuta,FRI PM — SAT AM,1pm,Second Rodeo,Self Care Saloon,8:30 & E,01:00 PM – 04:00 PM,UNKNOWN,,,,unknown,33,RSL 2026 PDF
Semuta,semuta,FRI PM — SAT AM,2:30pm,Second Rodeo,Tai Chi and Chai Tea,8:30 & E,02:30 PM – 04:00 PM,UNKNOWN,,,,unknown,33,RSL 2026 PDF
Ruxputin,ruxputin,FRI PM — SAT AM,9pm,Sil-vi,Vibez on Toast,2:00 & D,09:00 PM – 03:00 AM,UNKNOWN,,,,unknown,33,RSL 2026 PDF
Michael Okimoto,michael okimoto,FRI PM — SAT AM,10pm,Sil-vi,Vibez on Toast,2:00 & D,09:00 PM – 03:00 AM,UNKNOWN,,,,unknown,33,RSL 2026 PDF
Nasty Nate,nasty nate,FRI PM — SAT AM,11pm,Sil-vi,Vibez on Toast,2:00 & D,09:00 PM – 03:00 AM,UNKNOWN,,,,unknown,33,RSL 2026 PDF
Grant Kaye,grant kaye,FRI PM — SAT AM,12am,Sil-vi,Vibez on Toast,2:00 & D,09:00 PM – 03:00 AM,UNKNOWN,,,,unknown,33,RSL 2026 PDF
Idiot Savant,idiot savant,FRI PM — SAT AM,1am,Sil-vi,Vibez on Toast,2:00 & D,09:00 PM – 03:00 AM,UNKNOWN,,,,unknown,33,RSL 2026 PDF
BABE AL3RT,babe al3rt,FRI PM — SAT AM,3pm,Solarpunks,,2:00 & K,03:00 PM – 06:00 PM,UNKNOWN,,,,unknown,33,RSL 2026 PDF
Damien,damien,FRI PM — SAT AM,5pm,Solarpunks,,2:00 & K,03:00 PM – 06:00 PM,UNKNOWN,,,,unknown,33,RSL 2026 PDF
HIDRA,hidra,FRI PM — SAT AM,4pm,Spanky's Wine Bar,Femme Fatale Night,7:30 & E,04:00 PM – 04:00 AM,UNKNOWN,,,,unknown,33,RSL 2026 PDF
Elyse,elyse,FRI PM — SAT AM,6pm,Spanky's Wine Bar,Femme Fatale Night,7:30 & E,04:00 PM – 04:00 AM,UNKNOWN,,,,unknown,33,RSL 2026 PDF
Cheetatah,cheetatah,FRI PM — SAT AM,8pm,Spanky's Wine Bar,Femme Fatale Night,7:30 & E,04:00 PM – 04:00 AM,UNKNOWN,,,,unknown,33,RSL 2026 PDF
Priscilla,priscilla,FRI PM — SAT AM,10pm,Spanky's Wine Bar,Femme Fatale Night,7:30 & E,04:00 PM – 04:00 AM,UNKNOWN,,,,unknown,33,RSL 2026 PDF
Mode Leeloo,mode leeloo,FRI PM — SAT AM,12am,Spanky's Wine Bar,Femme Fatale Night,7:30 & E,04:00 PM – 04:00 AM,UNKNOWN,,,,unknown,33,RSL 2026 PDF
Ashley Ames,ashley ames,FRI PM — SAT AM,2am,Spanky's Wine Bar,Femme Fatale Night,7:30 & E,04:00 PM – 04:00 AM,UNKNOWN,,,,unknown,33,RSL 2026 PDF
DJ Yoshi b2b my friend mark,dj yoshi b2b my friend mark,FRI PM — SAT AM,10pm,The Lighthouse,,On The Playa,10:00 PM – 02:00 AM,UNKNOWN,,,,unknown,33,RSL 2026 PDF
Melissa XYZ,melissa xyz,FRI PM — SAT AM,12am,The Lighthouse,,On The Playa,10:00 PM – 02:00 AM,UNKNOWN,,,,unknown,33,RSL 2026 PDF
Riche,riche,FRI PM — SAT AM,2pm,The Melon Motel,Playground Takeover,2:00 & I,02:00 PM – 12:00 AM,UNKNOWN,,,,unknown,33,RSL 2026 PDF
Grace Arribas b2b Stavi,grace arribas b2b stavi,FRI PM — SAT AM,3:30pm,The Melon Motel,Playground Takeover,2:00 & I,02:00 PM – 12:00 AM,UNKNOWN,,,,unknown,33,RSL 2026 PDF
Miramar,miramar,FRI PM — SAT AM,5:30pm,The Melon Motel,Playground Takeover,2:00 & I,02:00 PM – 12:00 AM,UNKNOWN,,,,unknown,33,RSL 2026 PDF
Bender,bender,FRI PM — SAT AM,7pm,The Melon Motel,Playground Takeover,2:00 & I,02:00 PM – 12:00 AM,UNKNOWN,,,,unknown,33,RSL 2026 PDF
Marten Lou,marten lou,FRI PM — SAT AM,8:30pm,The Melon Motel,Playground Takeover,2:00 & I,02:00 PM – 12:00 AM,UNKNOWN,,,,unknown,33,RSL 2026 PDF
Josh Gigante,josh gigante,FRI PM — SAT AM,10pm,The Melon Motel,Playground Takeover,2:00 & I,02:00 PM – 12:00 AM,UNKNOWN,,,,unknown,33,RSL 2026 PDF
Bex Naj,bex naj,FRI PM — SAT AM,12pm,The Sound Garden,,2:00 & E,12:00 PM – 12:00 PM,UNKNOWN,,,,unknown,34,RSL 2026 PDF
Local Honey,local honey,FRI PM — SAT AM,2:30pm,The Sound Garden,,2:00 & E,12:00 PM – 12:00 PM,UNKNOWN,,,,unknown,34,RSL 2026 PDF
Maxa Jaguar,maxa jaguar,FRI PM — SAT AM,4pm,The Sound Garden,,2:00 & E,12:00 PM – 12:00 PM,UNKNOWN,,,,unknown,34,RSL 2026 PDF
KAPIR,kapir,FRI PM — SAT AM,5:30pm,The Sound Garden,,2:00 & E,12:00 PM – 12:00 PM,UNKNOWN,,,,unknown,34,RSL 2026 PDF
Niall Augustine,niall augustine,FRI PM — SAT AM,7pm,The Sound Garden,,2:00 & E,12:00 PM – 12:00 PM,UNKNOWN,,,,unknown,34,RSL 2026 PDF
N@omi,n@omi,FRI PM — SAT AM,8:30pm,The Sound Garden,,2:00 & E,12:00 PM – 12:00 PM,UNKNOWN,,,,unknown,34,RSL 2026 PDF
Alex Cruz,alex cruz,FRI PM — SAT AM,10pm,The Sound Garden,,2:00 & E,12:00 PM – 12:00 PM,UNKNOWN,,,,unknown,34,RSL 2026 PDF
OVEOUS,oveous,FRI PM — SAT AM,11:30pm,The Sound Garden,,2:00 & E,12:00 PM – 12:00 PM,UNKNOWN,,,,unknown,34,RSL 2026 PDF
SIMBASŌL,simbasōl,FRI PM — SAT AM,1am,The Sound Garden,,2:00 & E,12:00 PM – 12:00 PM,UNKNOWN,,,,unknown,34,RSL 2026 PDF
RAMEFF,rameff,FRI PM — SAT AM,2:30am,The Sound Garden,,2:00 & E,12:00 PM – 12:00 PM,UNKNOWN,,,,unknown,34,RSL 2026 PDF
Henry Pope,henry pope,FRI PM — SAT AM,4am,The Sound Garden,,2:00 & E,12:00 PM – 12:00 PM,UNKNOWN,,,,unknown,34,RSL 2026 PDF
Summer Almeida,summer almeida,FRI PM — SAT AM,5:30am,The Sound Garden,,2:00 & E,12:00 PM – 12:00 PM,UNKNOWN,,,,unknown,34,RSL 2026 PDF
Danni G,danni g,FRI PM — SAT AM,7am,The Sound Garden,,2:00 & E,12:00 PM – 12:00 PM,UNKNOWN,,,,unknown,34,RSL 2026 PDF
Ivo Naries,ivo naries,FRI PM — SAT AM,8:30am,The Sound Garden,,2:00 & E,12:00 PM – 12:00 PM,UNKNOWN,,,,unknown,34,RSL 2026 PDF
Xuxa Bluet,xuxa bluet,FRI PM — SAT AM,11am,The Sound Garden,,2:00 & E,12:00 PM – 12:00 PM,UNKNOWN,,,,unknown,34,RSL 2026 PDF
Mikey & Juju,mikey & juju,FRI PM — SAT AM,9pm,Twilight language,Bangers and Pizza!,10:00 & I,09:00 PM – 06:00 AM,UNKNOWN,,,,unknown,34,RSL 2026 PDF
Hershey,hershey,FRI PM — SAT AM,10pm,Twilight language,Bangers and Pizza!,10:00 & I,09:00 PM – 06:00 AM,UNKNOWN,,,,unknown,34,RSL 2026 PDF
Esteban,esteban,FRI PM — SAT AM,11pm,Twilight language,Bangers and Pizza!,10:00 & I,09:00 PM – 06:00 AM,UNKNOWN,,,,unknown,34,RSL 2026 PDF
Grace Arribas,grace arribas,FRI PM — SAT AM,12:30am,Twilight language,Bangers and Pizza!,10:00 & I,09:00 PM – 06:00 AM,UNKNOWN,,,,unknown,34,RSL 2026 PDF
Very Special Guest,very special guest,FRI PM — SAT AM,2am,Twilight language,Bangers and Pizza!,10:00 & I,09:00 PM – 06:00 AM,UNKNOWN,,,,unknown,34,RSL 2026 PDF
Don Gentry b2b Corey Spengler,don gentry b2b corey spengler,FRI PM — SAT AM,3:30am,Twilight language,Bangers and Pizza!,10:00 & I,09:00 PM – 06:00 AM,UNKNOWN,,,,unknown,34,RSL 2026 PDF
Von Davis,von davis,FRI PM — SAT AM,5am,Twilight language,Bangers and Pizza!,10:00 & I,09:00 PM – 06:00 AM,UNKNOWN,,,,unknown,34,RSL 2026 PDF
Special Guest,special guest,FRI PM — SAT AM,4am,Venice Red Light,Red Light Therapy,2:00 & 2:00 B Plaza,04:00 AM – 12:00 PM,UNKNOWN,,,,unknown,34,RSL 2026 PDF
Rafael,rafael,FRI PM — SAT AM,6am,Venice Red Light,Red Light Therapy,2:00 & 2:00 B Plaza,04:00 AM – 12:00 PM,UNKNOWN,,,,unknown,34,RSL 2026 PDF
Jackson,jackson,FRI PM — SAT AM,8am,Venice Red Light,Red Light Therapy,2:00 & 2:00 B Plaza,04:00 AM – 12:00 PM,UNKNOWN,,,,unknown,34,RSL 2026 PDF
Special Guest,special guest,FRI PM — SAT AM,10am,Venice Red Light,Red Light Therapy,2:00 & 2:00 B Plaza,04:00 AM – 12:00 PM,UNKNOWN,,,,unknown,34,RSL 2026 PDF
Paarth,paarth,FRI PM — SAT AM,6pm,XUZA,Titanic Burn Circle,Titanic,06:00 PM – 12:00 AM,UNKNOWN,,,,unknown,34,RSL 2026 PDF
Doin' Us,doin' us,FRI PM — SAT AM,8pm,XUZA,Titanic Burn Circle,Titanic,06:00 PM – 12:00 AM,UNKNOWN,,,,unknown,34,RSL 2026 PDF
Amen-X,amen-x,FRI PM — SAT AM,9pm,XUZA,Titanic Burn Circle,Titanic,06:00 PM – 12:00 AM,UNKNOWN,,,,unknown,34,RSL 2026 PDF
Luca,luca,FRI PM — SAT AM,10pm,XUZA,Titanic Burn Circle,Titanic,06:00 PM – 12:00 AM,UNKNOWN,,,,unknown,34,RSL 2026 PDF
TINYKVT,tinykvt,FRI PM — SAT AM,11pm,XUZA,Titanic Burn Circle,Titanic,06:00 PM – 12:00 AM,UNKNOWN,,,,unknown,34,RSL 2026 PDF
dj spacecamp b2b freddie,dj spacecamp b2b freddie,FRI PM — SAT AM,2pm,Zero Fucks,Hyphy Brunch,9:30 & B,02:00 PM – 04:00 PM,UNKNOWN,,,,unknown,34,RSL 2026 PDF
Camp AXO DJs,camp axo djs,SAT PM — SUN AM,4pm,¡AXOLOTL! The Earth Guardian,,The Man,04:00 PM – 01:00 AM,UNKNOWN,,,,unknown,35,RSL 2026 PDF
Jimb0tr0n,jimb0tr0n,SAT PM — SUN AM,5:30pm,¡AXOLOTL! The Earth Guardian,,The Man,04:00 PM – 01:00 AM,UNKNOWN,,,,unknown,35,RSL 2026 PDF
SILKWORM,silkworm,SAT PM — SUN AM,7pm,¡AXOLOTL! The Earth Guardian,,The Man,04:00 PM – 01:00 AM,UNKNOWN,,,,unknown,35,RSL 2026 PDF
Jim Reynolds and yroc,jim reynolds and yroc,SAT PM — SUN AM,8:30pm,¡AXOLOTL! The Earth Guardian,,The Man,04:00 PM – 01:00 AM,UNKNOWN,,,,unknown,35,RSL 2026 PDF
alibali,alibali,SAT PM — SUN AM,10pm,¡AXOLOTL! The Earth Guardian,,The Man,04:00 PM – 01:00 AM,UNKNOWN,,,,unknown,35,RSL 2026 PDF
Camp AXO DJs,camp axo djs,SAT PM — SUN AM,11:30pm,¡AXOLOTL! The Earth Guardian,,The Man,04:00 PM – 01:00 AM,UNKNOWN,,,,unknown,35,RSL 2026 PDF
Sonrise Sonder,sonrise sonder,SAT PM — SUN AM,12pm,Altitude Lounge,BadAsstronauts Takeover,B & 8:15,12:00 PM – 07:00 PM,UNKNOWN,,,,unknown,35,RSL 2026 PDF
Dash,dash,SAT PM — SUN AM,1pm,Altitude Lounge,BadAsstronauts Takeover,B & 8:15,12:00 PM – 07:00 PM,UNKNOWN,,,,unknown,35,RSL 2026 PDF
DJ P3tunia,dj p3tunia,SAT PM — SUN AM,2pm,Altitude Lounge,BadAsstronauts Takeover,B & 8:15,12:00 PM – 07:00 PM,UNKNOWN,,,,unknown,35,RSL 2026 PDF
Truprwulf,truprwulf,SAT PM — SUN AM,3pm,Altitude Lounge,BadAsstronauts Takeover,B & 8:15,12:00 PM – 07:00 PM,UNKNOWN,,,,unknown,35,RSL 2026 PDF
Travis Press,travis press,SAT PM — SUN AM,4pm,Altitude Lounge,BadAsstronauts Takeover,B & 8:15,12:00 PM – 07:00 PM,UNKNOWN,,,,unknown,35,RSL 2026 PDF
Josh Forster,josh forster,SAT PM — SUN AM,5pm,Altitude Lounge,BadAsstronauts Takeover,B & 8:15,12:00 PM – 07:00 PM,UNKNOWN,,,,unknown,35,RSL 2026 PDF
DUGAN,dugan,SAT PM — SUN AM,6pm,Altitude Lounge,BadAsstronauts Takeover,B & 8:15,12:00 PM – 07:00 PM,UNKNOWN,,,,unknown,35,RSL 2026 PDF
Lisa Marie,lisa marie,SAT PM — SUN AM,7pm,Altitude Lounge,,B & 8:15,07:00 PM – 08:00 PM,UNKNOWN,,,,unknown,35,RSL 2026 PDF
Alex Cruz x Theresa Silver,alex cruz x theresa silver,SAT PM — SUN AM,11:30pm,Apotheneum,,Apotheneum,11:30 PM – 02:30 AM,UNKNOWN,,,,unknown,35,RSL 2026 PDF
Santiago Garcia x Theresa Silver,santiago garcia x theresa silver,SAT PM — SUN AM,12:30am,Apotheneum,,Apotheneum,11:30 PM – 02:30 AM,UNKNOWN,,,,unknown,35,RSL 2026 PDF
Natipitch x Theresa Silver,natipitch x theresa silver,SAT PM — SUN AM,1:30am,Apotheneum,,Apotheneum,11:30 PM – 02:30 AM,UNKNOWN,,,,unknown,35,RSL 2026 PDF
DJ Thuk,dj thuk,SAT PM — SUN AM,11pm,Astral Lab,Extended Sets - DJ Thuk,10:00 & F,11:00 PM – 11:00 AM,UNKNOWN,,,,unknown,35,RSL 2026 PDF
hop on the decks,hop on the decks,SAT PM — SUN AM,8pm,BAAAHS,Annual man burn shitshow,On The Playa,08:00 PM – 07:00 AM,UNKNOWN,,,,unknown,35,RSL 2026 PDF
Yeshua,yeshua,SAT PM — SUN AM,12pm,Best Butt,Drum and Breakfast,B & 8:45,12:00 PM – 01:00 PM,UNKNOWN,,,,unknown,35,RSL 2026 PDF
Cheeks,cheeks,SAT PM — SUN AM,5pm,Best Butt,Go Hard or Go Home x Booty Hour,B & 8:45,05:00 PM – 07:00 PM,UNKNOWN,,,,unknown,35,RSL 2026 PDF
Burning Mirror,burning mirror,SAT PM — SUN AM,5pm,Black Rock Travel Agency,ShoutingFire/Radio Electra 99.5,Airport Road,12:00 PM – 11:00 PM,UNKNOWN,,,,unknown,35,RSL 2026 PDF
MAN BURN,man burn,SAT PM — SUN AM,8pm,Black Rock Travel Agency,ShoutingFire/Radio Electra 99.5,Airport Road,12:00 PM – 11:00 PM,UNKNOWN,,,,unknown,35,RSL 2026 PDF
Alien Worlds,alien worlds,SAT PM — SUN AM,12am,Black Rock Travel Agency,ShoutingFire/Radio Electra 99.5,Airport Road,12:00 AM – 12:00 PM,UNKNOWN,,,,unknown,35,RSL 2026 PDF
Idlis on the Mic,idlis on the mic,SAT PM — SUN AM,5am,Black Rock Travel Agency,ShoutingFire/Radio Electra 99.5,Airport Road,12:00 AM – 12:00 PM,UNKNOWN,,,,unknown,35,RSL 2026 PDF
Crowsnester & Pooch,crowsnester & pooch,SAT PM — SUN AM,7am,Black Rock Travel Agency,ShoutingFire/Radio Electra 99.5,Airport Road,12:00 AM – 12:00 PM,UNKNOWN,,,,unknown,35,RSL 2026 PDF
Kosmozoo Downtempo,kosmozoo downtempo,SAT PM — SUN AM,10am,Black Rock Travel Agency,ShoutingFire/Radio Electra 99.5,Airport Road,12:00 AM – 12:00 PM,UNKNOWN,,,,unknown,35,RSL 2026 PDF
Eagle Eye,eagle eye,SAT PM — SUN AM,12pm,BMIR,94.5 FM The Voice of the Man,Esplanade & 5:45,12:00 PM – 11:30 PM,UNKNOWN,,,,unknown,35,RSL 2026 PDF
Third Rail,third rail,SAT PM — SUN AM,2pm,BMIR,94.5 FM The Voice of the Man,Esplanade & 5:45,12:00 PM – 11:30 PM,UNKNOWN,,,,unknown,35,RSL 2026 PDF
Mr. Jennings,mr. jennings,SAT PM — SUN AM,4pm,BMIR,94.5 FM The Voice of the Man,Esplanade & 5:45,12:00 PM – 11:30 PM,UNKNOWN,,,,unknown,35,RSL 2026 PDF
Honey Shot + Xercole,honey shot + xercole,SAT PM — SUN AM,6pm,BMIR,94.5 FM The Voice of the Man,Esplanade & 5:45,12:00 PM – 11:30 PM,UNKNOWN,,,,unknown,35,RSL 2026 PDF
Man Burn LIVE!,man burn live!,SAT PM — SUN AM,7:30pm,BMIR,94.5 FM The Voice of the Man,Esplanade & 5:45,12:00 PM – 11:30 PM,UNKNOWN,,,,unknown,35,RSL 2026 PDF
J. C.,j. c.,SAT PM — SUN AM,10pm,BMIR,94.5 FM The Voice of the Man,Esplanade & 5:45,12:00 PM – 11:30 PM,UNKNOWN,,,,unknown,35,RSL 2026 PDF
BoyScout,boyscout,SAT PM — SUN AM,12am,BMIR,94.5 FM The Voice of the Man,Esplanade & 5:45,12:00 AM – 12:00 PM,UNKNOWN,,,,unknown,35,RSL 2026 PDF
STARJAY,starjay,SAT PM — SUN AM,2am,BMIR,94.5 FM The Voice of the Man,Esplanade & 5:45,12:00 AM – 12:00 PM,UNKNOWN,,,,unknown,35,RSL 2026 PDF
Only Bangers,only bangers,SAT PM — SUN AM,4am,BMIR,94.5 FM The Voice of the Man,Esplanade & 5:45,12:00 AM – 12:00 PM,UNKNOWN,,,,unknown,35,RSL 2026 PDF
Cindiana Jones,cindiana jones,SAT PM — SUN AM,6am,BMIR,94.5 FM The Voice of the Man,Esplanade & 5:45,12:00 AM – 12:00 PM,UNKNOWN,,,,unknown,35,RSL 2026 PDF
Actiongrl,actiongrl,SAT PM — SUN AM,8am,BMIR,94.5 FM The Voice of the Man,Esplanade & 5:45,12:00 AM – 12:00 PM,UNKNOWN,,,,unknown,35,RSL 2026 PDF
Electric Angel,electric angel,SAT PM — SUN AM,10am,BMIR,94.5 FM The Voice of the Man,Esplanade & 5:45,12:00 AM – 12:00 PM,UNKNOWN,,,,unknown,35,RSL 2026 PDF
Playa Choir Broadcast,playa choir broadcast,SAT PM — SUN AM,11am,BMIR,94.5 FM The Voice of the Man,Esplanade & 5:45,12:00 AM – 12:00 PM,UNKNOWN,,,,unknown,35,RSL 2026 PDF
Goku,goku,SAT PM — SUN AM,2pm,Camp [No Name],Euroburners meet&greet party,E & 7:15,02:00 PM – 04:00 PM,UNKNOWN,,,,unknown,35,RSL 2026 PDF
Summer Almeida,summer almeida,SAT PM — SUN AM,10pm,Camp LandHO!,Burn baby Burn,2:00 & E,10:00 PM – 06:00 AM,UNKNOWN,,,,unknown,35,RSL 2026 PDF
ELVN:22,elvn:22,SAT PM — SUN AM,12am,Camp LandHO!,Burn baby Burn,2:00 & E,10:00 PM – 06:00 AM,UNKNOWN,,,,unknown,35,RSL 2026 PDF
Nick Hatcher,nick hatcher,SAT PM — SUN AM,1:30am,Camp LandHO!,Burn baby Burn,2:00 & E,10:00 PM – 06:00 AM,UNKNOWN,,,,unknown,35,RSL 2026 PDF
Mikey B,mikey b,SAT PM — SUN AM,3am,Camp LandHO!,Burn baby Burn,2:00 & E,10:00 PM – 06:00 AM,UNKNOWN,,,,unknown,35,RSL 2026 PDF
Shelby Shocks,shelby shocks,SAT PM — SUN AM,4:30am,Camp LandHO!,Burn baby Burn,2:00 & E,10:00 PM – 06:00 AM,UNKNOWN,,,,unknown,35,RSL 2026 PDF
Cranky,cranky,SAT PM — SUN AM,1pm,DeMentha,"Mojitos, Music, Mist",3:00 Portal & A,01:00 PM – 06:00 PM,UNKNOWN,,,,unknown,36,RSL 2026 PDF
Yaz,yaz,SAT PM — SUN AM,2pm,DeMentha,"Mojitos, Music, Mist",3:00 Portal & A,01:00 PM – 06:00 PM,UNKNOWN,,,,unknown,36,RSL 2026 PDF
GLITTA,glitta,SAT PM — SUN AM,3pm,DeMentha,"Mojitos, Music, Mist",3:00 Portal & A,01:00 PM – 06:00 PM,UNKNOWN,,,,unknown,36,RSL 2026 PDF
Bobby Lyte B2B OGAN,bobby lyte b2b ogan,SAT PM — SUN AM,4pm,DeMentha,"Mojitos, Music, Mist",3:00 Portal & A,01:00 PM – 06:00 PM,UNKNOWN,,,,unknown,36,RSL 2026 PDF
Isabeau Fort,isabeau fort,SAT PM — SUN AM,1pm,Disorient,,Esplanade & 8:00,01:00 PM – 05:00 PM,UNKNOWN,,,,unknown,36,RSL 2026 PDF
Surprise Guest,surprise guest,SAT PM — SUN AM,3pm,Disorient,,Esplanade & 8:00,01:00 PM – 05:00 PM,UNKNOWN,,,,unknown,36,RSL 2026 PDF
Eaty Beatz,eaty beatz,SAT PM — SUN AM,2pm,Funky Town,The Final Funktier,10:00 & D,02:00 PM – 08:00 PM,UNKNOWN,,,,unknown,36,RSL 2026 PDF
Dynamic,dynamic,SAT PM — SUN AM,3pm,Funky Town,The Final Funktier,10:00 & D,02:00 PM – 08:00 PM,UNKNOWN,,,,unknown,36,RSL 2026 PDF
Jungle Jess,jungle jess,SAT PM — SUN AM,4pm,Funky Town,The Final Funktier,10:00 & D,02:00 PM – 08:00 PM,UNKNOWN,,,,unknown,36,RSL 2026 PDF
Quantum Theory,quantum theory,SAT PM — SUN AM,5pm,Funky Town,The Final Funktier,10:00 & D,02:00 PM – 08:00 PM,UNKNOWN,,,,unknown,36,RSL 2026 PDF
Gonze,gonze,SAT PM — SUN AM,6:30pm,Funky Town,The Final Funktier,10:00 & D,02:00 PM – 08:00 PM,UNKNOWN,,,,unknown,36,RSL 2026 PDF
Sunn Rays,sunn rays,SAT PM — SUN AM,2pm,Hookahdome,Inside the Dome- Intimate & Live,Esplanade & 4:15,02:00 PM – 05:00 PM,UNKNOWN,,,,unknown,36,RSL 2026 PDF
Häana,häana,SAT PM — SUN AM,4pm,Hookahdome,Inside the Dome- Intimate & Live,Esplanade & 4:15,02:00 PM – 05:00 PM,UNKNOWN,,,,unknown,36,RSL 2026 PDF
Häana (Live),häana (live),SAT PM — SUN AM,4pm,Hookahdome,,Esplanade & 4:15,04:00 PM – 05:30 PM,UNKNOWN,,,,unknown,36,RSL 2026 PDF
cootdog,cootdog,SAT PM — SUN AM,8pm,Hookahdome,"Reggae, Dancehall, Dub, Ragga",Esplanade & 4:15,08:00 PM – 06:00 AM,UNKNOWN,,,,unknown,36,RSL 2026 PDF
Dollahyde,dollahyde,SAT PM — SUN AM,10pm,Hookahdome,"Reggae, Dancehall, Dub, Ragga",Esplanade & 4:15,08:00 PM – 06:00 AM,UNKNOWN,,,,unknown,36,RSL 2026 PDF
Duchess,duchess,SAT PM — SUN AM,11pm,Hookahdome,"Reggae, Dancehall, Dub, Ragga",Esplanade & 4:15,08:00 PM – 06:00 AM,UNKNOWN,,,,unknown,36,RSL 2026 PDF
Weezy ft. Nikki Sierra,weezy ft. nikki sierra,SAT PM — SUN AM,12am,Hookahdome,"Reggae, Dancehall, Dub, Ragga",Esplanade & 4:15,08:00 PM – 06:00 AM,UNKNOWN,,,,unknown,36,RSL 2026 PDF
Naughty Princess,naughty princess,SAT PM — SUN AM,1am,Hookahdome,"Reggae, Dancehall, Dub, Ragga",Esplanade & 4:15,08:00 PM – 06:00 AM,UNKNOWN,,,,unknown,36,RSL 2026 PDF
Cannaba55,cannaba55,SAT PM — SUN AM,2am,Hookahdome,"Reggae, Dancehall, Dub, Ragga",Esplanade & 4:15,08:00 PM – 06:00 AM,UNKNOWN,,,,unknown,36,RSL 2026 PDF
Christafari,christafari,SAT PM — SUN AM,3am,Hookahdome,"Reggae, Dancehall, Dub, Ragga",Esplanade & 4:15,08:00 PM – 06:00 AM,UNKNOWN,,,,unknown,36,RSL 2026 PDF
Nasté,nasté,SAT PM — SUN AM,4am,Hookahdome,"Reggae, Dancehall, Dub, Ragga",Esplanade & 4:15,08:00 PM – 06:00 AM,UNKNOWN,,,,unknown,36,RSL 2026 PDF
HAPNCAP,hapncap,SAT PM — SUN AM,5am,Hookahdome,"Reggae, Dancehall, Dub, Ragga",Esplanade & 4:15,08:00 PM – 06:00 AM,UNKNOWN,,,,unknown,36,RSL 2026 PDF
Colibria,colibria,SAT PM — SUN AM,10:30pm,Hookahdome,"Instrumental World Bass, Bounce",Esplanade & 4:15,10:30 PM – 07:30 AM,UNKNOWN,,,,unknown,36,RSL 2026 PDF
Mah Ze Tar,mah ze tar,SAT PM — SUN AM,11:30pm,Hookahdome,"Instrumental World Bass, Bounce",Esplanade & 4:15,10:30 PM – 07:30 AM,UNKNOWN,,,,unknown,36,RSL 2026 PDF
Moondrop,moondrop,SAT PM — SUN AM,12:30am,Hookahdome,"Instrumental World Bass, Bounce",Esplanade & 4:15,10:30 PM – 07:30 AM,UNKNOWN,,,,unknown,36,RSL 2026 PDF
Beat Kitty B2B Mr. Jennings,beat kitty b2b mr. jennings,SAT PM — SUN AM,1:30am,Hookahdome,"Instrumental World Bass, Bounce",Esplanade & 4:15,10:30 PM – 07:30 AM,UNKNOWN,,,,unknown,36,RSL 2026 PDF
Dust & Beau,dust & beau,SAT PM — SUN AM,3:30am,Hookahdome,"Instrumental World Bass, Bounce",Esplanade & 4:15,10:30 PM – 07:30 AM,UNKNOWN,,,,unknown,36,RSL 2026 PDF
Jalaya,jalaya,SAT PM — SUN AM,4:30am,Hookahdome,"Instrumental World Bass, Bounce",Esplanade & 4:15,10:30 PM – 07:30 AM,UNKNOWN,,,,unknown,36,RSL 2026 PDF
2Juicy,2juicy,SAT PM — SUN AM,5:30am,Hookahdome,"Instrumental World Bass, Bounce",Esplanade & 4:15,10:30 PM – 07:30 AM,UNKNOWN,,,,unknown,36,RSL 2026 PDF
Chloro-Djinn,chloro-djinn,SAT PM — SUN AM,6:30am,Hookahdome,"Instrumental World Bass, Bounce",Esplanade & 4:15,10:30 PM – 07:30 AM,UNKNOWN,,,,unknown,36,RSL 2026 PDF
Loveknuckle,loveknuckle,SAT PM — SUN AM,12pm,Jail of Hedone,,6:30 & E,12:00 PM – 04:00 PM,UNKNOWN,,,,unknown,36,RSL 2026 PDF
TouchButtons,touchbuttons,SAT PM — SUN AM,1pm,Jail of Hedone,,6:30 & E,12:00 PM – 04:00 PM,UNKNOWN,,,,unknown,36,RSL 2026 PDF
Breauxx,breauxx,SAT PM — SUN AM,2:30pm,Jail of Hedone,,6:30 & E,12:00 PM – 04:00 PM,UNKNOWN,,,,unknown,36,RSL 2026 PDF
Fabián Capri,fabián capri,SAT PM — SUN AM,1:30pm,Lands Beyond,Michelada Bacchanalia,F & 8:45,12:00 PM – 03:30 PM,UNKNOWN,,,,unknown,36,RSL 2026 PDF
Midnight Roast & Friends,midnight roast & friends,SAT PM — SUN AM,10pm,Midnight Roast,Burn Night Closing Party,2:00 & C,10:00 PM – 02:00 AM,UNKNOWN,,,,unknown,36,RSL 2026 PDF
Jkali,jkali,SAT PM — SUN AM,7:30pm,Mystic Flyer Experience,Mystic Resident DJs all Nite )'(,The Man,07:30 PM – 05:30 AM,UNKNOWN,,,,unknown,36,RSL 2026 PDF
Dumi,dumi,SAT PM — SUN AM,9:30pm,Mystic Flyer Experience,Mystic Resident DJs all Nite )'(,The Man,07:30 PM – 05:30 AM,UNKNOWN,,,,unknown,36,RSL 2026 PDF
Pawn Laser,pawn laser,SAT PM — SUN AM,11:30pm,Mystic Flyer Experience,Mystic Resident DJs all Nite )'(,The Man,07:30 PM – 05:30 AM,UNKNOWN,,,,unknown,36,RSL 2026 PDF
Museus,museus,SAT PM — SUN AM,1:30am,Mystic Flyer Experience,Mystic Resident DJs all Nite )'(,The Man,07:30 PM – 05:30 AM,UNKNOWN,,,,unknown,36,RSL 2026 PDF
DJ Zip Disk,dj zip disk,SAT PM — SUN AM,3:30am,Mystic Flyer Experience,Mystic Resident DJs all Nite )'(,The Man,07:30 PM – 05:30 AM,UNKNOWN,,,,unknown,36,RSL 2026 PDF
Emanate,emanate,SAT PM — SUN AM,10:45pm,Opulent Temple,Still Burning?,Esplanade & 10:00,10:45 PM – 03:15 AM,UNKNOWN,,,,unknown,36,RSL 2026 PDF
Vanjee,vanjee,SAT PM — SUN AM,11:45pm,Opulent Temple,Still Burning?,Esplanade & 10:00,10:45 PM – 03:15 AM,UNKNOWN,,,,unknown,36,RSL 2026 PDF
Alex Amaro,alex amaro,SAT PM — SUN AM,1:15am,Opulent Temple,Still Burning?,Esplanade & 10:00,10:45 PM – 03:15 AM,UNKNOWN,,,,unknown,36,RSL 2026 PDF
Richard Mixon,richard mixon,SAT PM — SUN AM,2:15am,Opulent Temple,Still Burning?,Esplanade & 10:00,10:45 PM – 03:15 AM,UNKNOWN,,,,unknown,36,RSL 2026 PDF
Playa Choir,playa choir,SAT PM — SUN AM,6am,Playa Choir,,Temple of the Moon,06:00 AM – 07:00 AM,UNKNOWN,,,,unknown,36,RSL 2026 PDF
Playa Choir,playa choir,SAT PM — SUN AM,11am,Playa Choir,,6:00 & D,11:00 AM – 12:00 PM,UNKNOWN,,,,unknown,36,RSL 2026 PDF
Moon Lemonade,moon lemonade,SAT PM — SUN AM,4pm,Raccoons,Raccoon’s retreat,6:00 & F,04:00 PM – 07:00 PM,UNKNOWN,,,,unknown,36,RSL 2026 PDF
Goku,goku,SAT PM — SUN AM,5pm,Raccoons,Raccoon’s retreat,6:00 & F,04:00 PM – 07:00 PM,UNKNOWN,,,,unknown,36,RSL 2026 PDF
Zilkha,zilkha,SAT PM — SUN AM,6pm,Raccoons,Raccoon’s retreat,6:00 & F,04:00 PM – 07:00 PM,UNKNOWN,,,,unknown,36,RSL 2026 PDF
VALØR b2b WAGZ,valør b2b wagz,SAT PM — SUN AM,4pm,Solarpunks,gRaNd aRtiQuE,2:00 & K,04:00 PM – 07:30 PM,UNKNOWN,,,,unknown,36,RSL 2026 PDF
Danni G & Beatalks,danni g & beatalks,SAT PM — SUN AM,5:30pm,Solarpunks,gRaNd aRtiQuE,2:00 & K,04:00 PM – 07:30 PM,UNKNOWN,,,,unknown,36,RSL 2026 PDF
Bollo,bollo,SAT PM — SUN AM,4pm,Spanky's Wine Bar,Burn Bachanalia,7:30 & E,04:00 PM – 04:00 AM,UNKNOWN,,,,unknown,37,RSL 2026 PDF
Special Guest DJ,special guest dj,SAT PM — SUN AM,6pm,Spanky's Wine Bar,Burn Bachanalia,7:30 & E,04:00 PM – 04:00 AM,UNKNOWN,,,,unknown,37,RSL 2026 PDF
Tommy Echelon,tommy echelon,SAT PM — SUN AM,10pm,Spanky's Wine Bar,Burn Bachanalia,7:30 & E,04:00 PM – 04:00 AM,UNKNOWN,,,,unknown,37,RSL 2026 PDF
Special Guest DJ,special guest dj,SAT PM — SUN AM,12am,Spanky's Wine Bar,Burn Bachanalia,7:30 & E,04:00 PM – 04:00 AM,UNKNOWN,,,,unknown,37,RSL 2026 PDF
Sunset Lebuff,sunset lebuff,SAT PM — SUN AM,2am,Spanky's Wine Bar,Burn Bachanalia,7:30 & E,04:00 PM – 04:00 AM,UNKNOWN,,,,unknown,37,RSL 2026 PDF
third wheel (Nat Turner b2b HMU b2b,third wheel (nat turner b2b hmu b2b,SAT PM — SUN AM,11pm,Teddies,Burn Night!,4:30 B Plaza @ 8:15,11:00 PM – 03:00 AM,UNKNOWN,,,,unknown,37,RSL 2026 PDF
Amanda Widjaja,amanda widjaja,SAT PM — SUN AM,12am,Teddies,Burn Night!,4:30 B Plaza @ 8:15,11:00 PM – 03:00 AM,UNKNOWN,,,,unknown,37,RSL 2026 PDF
Greer,greer,SAT PM — SUN AM,1am,Teddies,Burn Night!,4:30 B Plaza @ 8:15,11:00 PM – 03:00 AM,UNKNOWN,,,,unknown,37,RSL 2026 PDF
Gaby de la Juentes,gaby de la juentes,SAT PM — SUN AM,2am,Teddies,Burn Night!,4:30 B Plaza @ 8:15,11:00 PM – 03:00 AM,UNKNOWN,,,,unknown,37,RSL 2026 PDF
Lu Lanos b2b TEX,lu lanos b2b tex,SAT PM — SUN AM,10pm,The Lighthouse,,On The Playa,10:00 PM – 02:00 AM,UNKNOWN,,,,unknown,37,RSL 2026 PDF
MILLICA,millica,SAT PM — SUN AM,12am,The Lighthouse,,On The Playa,10:00 PM – 02:00 AM,UNKNOWN,,,,unknown,37,RSL 2026 PDF
WyrDandy,wyrdandy,SAT PM — SUN AM,12pm,The Sound Garden,,2:00 & E,12:00 PM – 09:30 AM,UNKNOWN,,,,unknown,37,RSL 2026 PDF
Samantha,samantha,SAT PM — SUN AM,2pm,The Sound Garden,,2:00 & E,12:00 PM – 09:30 AM,UNKNOWN,,,,unknown,37,RSL 2026 PDF
Bryn Avery,bryn avery,SAT PM — SUN AM,3:30pm,The Sound Garden,,2:00 & E,12:00 PM – 09:30 AM,UNKNOWN,,,,unknown,37,RSL 2026 PDF
JAHNMANA,jahnmana,SAT PM — SUN AM,5pm,The Sound Garden,,2:00 & E,12:00 PM – 09:30 AM,UNKNOWN,,,,unknown,37,RSL 2026 PDF
DJ TokyoHotTub,dj tokyohottub,SAT PM — SUN AM,6:30pm,The Sound Garden,,2:00 & E,12:00 PM – 09:30 AM,UNKNOWN,,,,unknown,37,RSL 2026 PDF
DJ-ER,dj-er,SAT PM — SUN AM,9:30pm,The Sound Garden,,2:00 & E,12:00 PM – 09:30 AM,UNKNOWN,,,,unknown,37,RSL 2026 PDF
Shalman,shalman,SAT PM — SUN AM,11:30pm,The Sound Garden,,2:00 & E,12:00 PM – 09:30 AM,UNKNOWN,,,,unknown,37,RSL 2026 PDF
YAHZEE,yahzee,SAT PM — SUN AM,12:30am,The Sound Garden,,2:00 & E,12:00 PM – 09:30 AM,UNKNOWN,,,,unknown,37,RSL 2026 PDF
Taliko,taliko,SAT PM — SUN AM,1:30am,The Sound Garden,,2:00 & E,12:00 PM – 09:30 AM,UNKNOWN,,,,unknown,37,RSL 2026 PDF
Naughty Princess,naughty princess,SAT PM — SUN AM,2:30am,The Sound Garden,,2:00 & E,12:00 PM – 09:30 AM,UNKNOWN,,,,unknown,37,RSL 2026 PDF
TedDrops,teddrops,SAT PM — SUN AM,3:30am,The Sound Garden,,2:00 & E,12:00 PM – 09:30 AM,UNKNOWN,,,,unknown,37,RSL 2026 PDF
Ayama project,ayama project,SAT PM — SUN AM,4:30am,The Sound Garden,,2:00 & E,12:00 PM – 09:30 AM,UNKNOWN,,,,unknown,37,RSL 2026 PDF
Equanimous,equanimous,SAT PM — SUN AM,6am,The Sound Garden,,2:00 & E,12:00 PM – 09:30 AM,UNKNOWN,,,,unknown,37,RSL 2026 PDF
Häana,häana,SAT PM — SUN AM,8am,The Sound Garden,,2:00 & E,12:00 PM – 09:30 AM,UNKNOWN,,,,unknown,37,RSL 2026 PDF
Special Guest,special guest,SAT PM — SUN AM,12pm,Venice Red Light,Red Light Therapy,2:00 & 2:00 B Plaza,12:00 PM – 04:00 PM,UNKNOWN,,,,unknown,37,RSL 2026 PDF
Moritzio b2b Jayd,moritzio b2b jayd,SAT PM — SUN AM,2pm,Venice Red Light,Red Light Therapy,2:00 & 2:00 B Plaza,12:00 PM – 04:00 PM,UNKNOWN,,,,unknown,37,RSL 2026 PDF
*rekless,*rekless,SAT PM — SUN AM,6pm,XUZA,Man Burn Circle,The Man,06:00 PM – 12:30 AM,UNKNOWN,,,,unknown,37,RSL 2026 PDF
NoPhones,nophones,SAT PM — SUN AM,7pm,XUZA,Man Burn Circle,The Man,06:00 PM – 12:30 AM,UNKNOWN,,,,unknown,37,RSL 2026 PDF
Patricio Hegewisch,patricio hegewisch,SAT PM — SUN AM,8pm,XUZA,Man Burn Circle,The Man,06:00 PM – 12:30 AM,UNKNOWN,,,,unknown,37,RSL 2026 PDF
DJ Marquez,dj marquez,SAT PM — SUN AM,10:30pm,XUZA,Man Burn Circle,The Man,06:00 PM – 12:30 AM,UNKNOWN,,,,unknown,37,RSL 2026 PDF
Zenti,zenti,SAT PM — SUN AM,11:30pm,XUZA,Man Burn Circle,The Man,06:00 PM – 12:30 AM,UNKNOWN,,,,unknown,37,RSL 2026 PDF
Moises (Pink Mammoth),moises (pink mammoth),SUN PM — MON AM,2pm,Altitude Lounge,17 Virgins Takeover,B & 8:15,02:00 PM – 10:30 PM,UNKNOWN,,,,unknown,38,RSL 2026 PDF
Enssembl,enssembl,SUN PM — MON AM,4pm,Altitude Lounge,17 Virgins Takeover,B & 8:15,02:00 PM – 10:30 PM,UNKNOWN,,,,unknown,38,RSL 2026 PDF
Tara Kay,tara kay,SUN PM — MON AM,5pm,Altitude Lounge,17 Virgins Takeover,B & 8:15,02:00 PM – 10:30 PM,UNKNOWN,,,,unknown,38,RSL 2026 PDF
MelissaXYZ,melissaxyz,SUN PM — MON AM,6pm,Altitude Lounge,17 Virgins Takeover,B & 8:15,02:00 PM – 10:30 PM,UNKNOWN,,,,unknown,38,RSL 2026 PDF
Volaric,volaric,SUN PM — MON AM,7:30pm,Altitude Lounge,17 Virgins Takeover,B & 8:15,02:00 PM – 10:30 PM,UNKNOWN,,,,unknown,38,RSL 2026 PDF
Airwolf b2b Jacqalope,airwolf b2b jacqalope,SUN PM — MON AM,9pm,Altitude Lounge,17 Virgins Takeover,B & 8:15,02:00 PM – 10:30 PM,UNKNOWN,,,,unknown,38,RSL 2026 PDF
Children's Hour Radio Theater,children's hour radio theater,SUN PM — MON AM,6pm,Black Rock Travel Agency,ShoutingFire/Radio Electra 99.5,Airport Road,12:00 PM – 10:00 PM,UNKNOWN,,,,unknown,38,RSL 2026 PDF
Contessa,contessa,SUN PM — MON AM,8pm,Black Rock Travel Agency,ShoutingFire/Radio Electra 99.5,Airport Road,12:00 PM – 10:00 PM,UNKNOWN,,,,unknown,38,RSL 2026 PDF
Iris,iris,SUN PM — MON AM,12:30pm,BMIR,94.5 FM The Voice of the Man,Esplanade & 5:45,12:00 PM – 12:00 AM,UNKNOWN,,,,unknown,38,RSL 2026 PDF
Please Leave,please leave,SUN PM — MON AM,2pm,BMIR,94.5 FM The Voice of the Man,Esplanade & 5:45,12:00 PM – 12:00 AM,UNKNOWN,,,,unknown,38,RSL 2026 PDF
Apollo,apollo,SUN PM — MON AM,4pm,BMIR,94.5 FM The Voice of the Man,Esplanade & 5:45,12:00 PM – 12:00 AM,UNKNOWN,,,,unknown,38,RSL 2026 PDF
Grease Withaspoon,grease withaspoon,SUN PM — MON AM,6pm,BMIR,94.5 FM The Voice of the Man,Esplanade & 5:45,12:00 PM – 12:00 AM,UNKNOWN,,,,unknown,38,RSL 2026 PDF
The Professor,the professor,SUN PM — MON AM,8pm,BMIR,94.5 FM The Voice of the Man,Esplanade & 5:45,12:00 PM – 12:00 AM,UNKNOWN,,,,unknown,38,RSL 2026 PDF
Temple Burn Live!,temple burn live!,SUN PM — MON AM,8:30pm,BMIR,94.5 FM The Voice of the Man,Esplanade & 5:45,12:00 PM – 12:00 AM,UNKNOWN,,,,unknown,38,RSL 2026 PDF
Moldover,moldover,SUN PM — MON AM,10pm,BMIR,94.5 FM The Voice of the Man,Esplanade & 5:45,12:00 PM – 12:00 AM,UNKNOWN,,,,unknown,38,RSL 2026 PDF
Supreme Cort,supreme cort,SUN PM — MON AM,12am,BMIR,94.5 FM The Voice of the Man,Esplanade & 5:45,12:00 AM – 12:00 PM,UNKNOWN,,,,unknown,38,RSL 2026 PDF
Fireclown,fireclown,SUN PM — MON AM,2am,BMIR,94.5 FM The Voice of the Man,Esplanade & 5:45,12:00 AM – 12:00 PM,UNKNOWN,,,,unknown,38,RSL 2026 PDF
Alaska,alaska,SUN PM — MON AM,4am,BMIR,94.5 FM The Voice of the Man,Esplanade & 5:45,12:00 AM – 12:00 PM,UNKNOWN,,,,unknown,38,RSL 2026 PDF
Diablo,diablo,SUN PM — MON AM,6am,BMIR,94.5 FM The Voice of the Man,Esplanade & 5:45,12:00 AM – 12:00 PM,UNKNOWN,,,,unknown,38,RSL 2026 PDF
Crowsnestster,crowsnestster,SUN PM — MON AM,8am,BMIR,94.5 FM The Voice of the Man,Esplanade & 5:45,12:00 AM – 12:00 PM,UNKNOWN,,,,unknown,38,RSL 2026 PDF
Xercole,xercole,SUN PM — MON AM,10am,BMIR,94.5 FM The Voice of the Man,Esplanade & 5:45,12:00 AM – 12:00 PM,UNKNOWN,,,,unknown,38,RSL 2026 PDF
Beat Kitty,beat kitty,SUN PM — MON AM,8:30pm,Crystal Ship II: From Ashes,Crystal Ship ll link up,2:00 & E,08:30 PM – 12:00 AM,UNKNOWN,,,,unknown,38,RSL 2026 PDF
kowta,kowta,SUN PM — MON AM,10pm,Crystal Ship II: From Ashes,Crystal Ship ll link up,2:00 & E,08:30 PM – 12:00 AM,UNKNOWN,,,,unknown,38,RSL 2026 PDF
Tantum,tantum,SUN PM — MON AM,11pm,Crystal Ship II: From Ashes,Crystal Ship ll link up,2:00 & E,08:30 PM – 12:00 AM,UNKNOWN,,,,unknown,38,RSL 2026 PDF
Hookahdome Players,hookahdome players,SUN PM — MON AM,10pm,Hookahdome,Temple Burn Integration Dance,Esplanade & 4:15,10:00 PM – 04:00 AM,UNKNOWN,,,,unknown,38,RSL 2026 PDF
Carlo Novo,carlo novo,SUN PM — MON AM,10pm,Spanky's Wine Bar,Swine Bar Strike Party,7:30 & E,10:00 PM – 02:00 AM,UNKNOWN,,,,unknown,38,RSL 2026 PDF
M.I.A.,m.i.a.,SUN PM — MON AM,12am,Spanky's Wine Bar,Swine Bar Strike Party,7:30 & E,10:00 PM – 02:00 AM,UNKNOWN,,,,unknown,38,RSL 2026 PDF
Ronnit,ronnit,SUN PM — MON AM,5:30pm,The Sound Garden,,2:00 & E,05:30 PM – 12:00 AM,UNKNOWN,,,,unknown,38,RSL 2026 PDF
Beat Kitty,beat kitty,SUN PM — MON AM,8:30pm,The Sound Garden,,2:00 & E,05:30 PM – 12:00 AM,UNKNOWN,,,,unknown,38,RSL 2026 PDF
Wizdro,wizdro,SUN PM — MON AM,10pm,The Sound Garden,,2:00 & E,05:30 PM – 12:00 AM,UNKNOWN,,,,unknown,38,RSL 2026 PDF
Tantum,tantum,SUN PM — MON AM,11pm,The Sound Garden,,2:00 & E,05:30 PM – 12:00 AM,UNKNOWN,,,,unknown,38,RSL 2026 PDF
Regionals interviews,regionals interviews,MON PM — TUE AM,12pm,BMIR,94.5 FM The Voice of the Man,Esplanade & 5:45,12:00 PM – 12:00 AM,UNKNOWN,,,,unknown,39,RSL 2026 PDF
Burner without Borders,burner without borders,MON PM — TUE AM,1pm,BMIR,94.5 FM The Voice of the Man,Esplanade & 5:45,12:00 PM – 12:00 AM,UNKNOWN,,,,unknown,39,RSL 2026 PDF
Beat Kitty,beat kitty,MON PM — TUE AM,2pm,BMIR,94.5 FM The Voice of the Man,Esplanade & 5:45,12:00 PM – 12:00 AM,UNKNOWN,,,,unknown,39,RSL 2026 PDF
Organism,organism,MON PM — TUE AM,4pm,BMIR,94.5 FM The Voice of the Man,Esplanade & 5:45,12:00 PM – 12:00 AM,UNKNOWN,,,,unknown,39,RSL 2026 PDF
Burger Pockets,burger pockets,MON PM — TUE AM,6pm,BMIR,94.5 FM The Voice of the Man,Esplanade & 5:45,12:00 PM – 12:00 AM,UNKNOWN,,,,unknown,39,RSL 2026 PDF
Sidequest,sidequest,MON PM — TUE AM,8pm,BMIR,94.5 FM The Voice of the Man,Esplanade & 5:45,12:00 PM – 12:00 AM,UNKNOWN,,,,unknown,39,RSL 2026 PDF
Clown Party w/ Knizzle,clown party w/ knizzle,MON PM — TUE AM,10pm,BMIR,94.5 FM The Voice of the Man,Esplanade & 5:45,12:00 PM – 12:00 AM,UNKNOWN,,,,unknown,39,RSL 2026 PDF
